,tmp,cat,sub_cat,model,em_sum,em_mean,em_ci,ea_sum,ea_mean,ea_ci,rea_sum,rea_mean,rea_ci,et_sum,et_mean,et_ci,cc_sum,cc_mean,cc_ci,tokens_sum,tokens_mean,tokens_ci,count_sum,count_mean,count_ci
0,0.2,c1,s0,dail,271,0.65,"(60.67%, 68.38%)",250,0.6,"(55.57%, 63.48%)",292,0.7,"(65.81%, 73.23%)",8061627.0,19194.35,"(1186532.07%, 2652337.93%)",275,0.65,"(61.64%, 69.31%)",1800201,4286.19,"(408867.61%, 448370.97%)",420,1.0,"(100.00%, 100.00%)"
1,0.2,c1,s0,din,261,0.62,"(58.23%, 66.05%)",241,0.57,"(53.39%, 61.37%)",285,0.68,"(64.09%, 71.62%)",11503901.0,27390.24,"(1490479.15%, 3987568.95%)",261,0.62,"(58.23%, 66.05%)",6568748,15639.88,"(1497848.49%, 1630126.75%)",420,1.0,"(100.00%, 100.00%)"
2,0.2,c1,s1,dail,944,0.89,"(87.83%, 90.96%)",930,0.88,"(86.42%, 89.71%)",997,0.94,"(93.25%, 95.58%)",595227.0,563.66,"(51900.85%, 60831.53%)",989,0.94,"(92.42%, 94.89%)",2779473,2632.08,"(258591.57%, 267823.77%)",1056,1.0,"(100.00%, 100.00%)"
3,0.2,c1,s1,din,926,0.88,"(86.02%, 89.36%)",955,0.9,"(88.94%, 91.93%)",1001,0.95,"(93.66%, 95.92%)",582555.0,551.66,"(48994.81%, 61337.57%)",990,0.94,"(92.52%, 94.98%)",10507168,9949.97,"(987621.10%, 1002372.84%)",1056,1.0,"(100.00%, 100.00%)"
4,0.2,c1,s2,dail,42,0.78,"(68.36%, 87.20%)",45,0.83,"(74.89%, 91.78%)",51,0.94,"(89.25%, 99.64%)",35484.0,657.11,"(40722.35%, 90699.88%)",51,0.94,"(89.25%, 99.64%)",110879,2053.31,"(190941.58%, 219721.38%)",54,1.0,"(100.00%, 100.00%)"
5,0.2,c1,s2,din,45,0.83,"(74.89%, 91.78%)",50,0.93,"(86.66%, 98.53%)",54,1.0,"(100.00%, 100.00%)",22433.0,415.43,"(36337.77%, 46747.42%)",54,1.0,"(100.00%, 100.00%)",486688,9012.74,"(893560.45%, 908987.70%)",54,1.0,"(100.00%, 100.00%)"
6,0.2,c2,s3,dail,1166,0.91,"(89.93%, 92.54%)",1149,0.9,"(88.52%, 91.30%)",1243,0.97,"(96.51%, 98.01%)",668859.0,523.36,"(50117.13%, 54555.64%)",1268,0.99,"(98.81%, 99.62%)",2662275,2083.16,"(205469.09%, 211162.36%)",1278,1.0,"(100.00%, 100.00%)"
7,0.2,c2,s3,din,1190,0.93,"(91.95%, 94.28%)",1167,0.91,"(90.01%, 92.61%)",1229,0.96,"(95.28%, 97.05%)",592846.0,463.89,"(44593.60%, 48183.55%)",1271,0.99,"(99.11%, 99.79%)",11957554,9356.46,"(931793.98%, 939497.72%)",1278,1.0,"(100.00%, 100.00%)"
8,0.2,c2,s4,dail,2334,0.74,"(72.74%, 75.31%)",2350,0.75,"(73.25%, 75.81%)",2614,0.83,"(81.80%, 84.01%)",37695215.0,11955.35,"(886236.81%, 1504832.97%)",2702,0.86,"(84.67%, 86.73%)",10475623,3322.43,"(326130.20%, 338355.87%)",3153,1.0,"(100.00%, 100.00%)"
9,0.2,c2,s4,din,2300,0.73,"(71.64%, 74.25%)",2386,0.76,"(74.41%, 76.93%)",2613,0.83,"(81.77%, 83.98%)",40786247.0,12935.7,"(718411.39%, 1868727.65%)",2762,0.88,"(86.63%, 88.57%)",47670911,15119.22,"(1486070.36%, 1537774.30%)",3153,1.0,"(100.00%, 100.00%)"
10,0.2,c2,s5,dail,22,0.14,"(9.68%, 19.07%)",66,0.43,"(36.51%, 49.77%)",81,0.53,"(46.26%, 59.62%)",20354622.0,133036.75,"(8157268.63%, 18450080.39%)",71,0.46,"(39.73%, 53.08%)",991601,6481.05,"(603770.28%, 692440.18%)",153,1.0,"(100.00%, 100.00%)"
11,0.2,c2,s5,din,23,0.15,"(10.25%, 19.82%)",66,0.43,"(36.51%, 49.77%)",74,0.48,"(41.68%, 55.05%)",30081295.0,196609.77,"(6712794.75%, 32609159.50%)",76,0.5,"(42.98%, 56.36%)",3955119,25850.45,"(2431853.58%, 2738236.62%)",153,1.0,"(100.00%, 100.00%)"
12,0.2,c2,s6,dail,3360,0.79,"(77.90%, 79.96%)",3722,0.87,"(86.59%, 88.27%)",3791,0.89,"(88.26%, 89.84%)",60496011.0,14210.95,"(1090302.60%, 1751887.25%)",3965,0.93,"(92.50%, 93.78%)",10918992,2564.95,"(252694.54%, 260295.45%)",4257,1.0,"(100.00%, 100.00%)"
13,0.2,c2,s6,din,2730,0.64,"(62.92%, 65.34%)",3602,0.85,"(83.70%, 85.53%)",3676,0.86,"(85.48%, 87.22%)",53124355.0,12479.29,"(912221.17%, 1583637.65%)",3898,0.92,"(90.86%, 92.27%)",54396470,12778.12,"(1260282.92%, 1295341.70%)",4257,1.0,"(100.00%, 100.00%)"
14,0.2,c2,s7,dail,1141,0.56,"(54.61%, 58.25%)",1447,0.72,"(69.91%, 73.22%)",1590,0.79,"(77.13%, 80.14%)",37370105.0,18481.75,"(1271700.40%, 2424650.24%)",1498,0.74,"(72.48%, 75.69%)",7928458,3921.1,"(383302.35%, 400917.03%)",2022,1.0,"(100.00%, 100.00%)"
15,0.2,c2,s7,din,927,0.46,"(44.02%, 47.67%)",1350,0.67,"(65.04%, 68.49%)",1508,0.75,"(72.98%, 76.18%)",30710868.0,15188.36,"(957364.33%, 2080308.07%)",1254,0.62,"(60.24%, 63.80%)",30971803,15317.41,"(1496349.96%, 1567132.04%)",2022,1.0,"(100.00%, 100.00%)"
16,0.2,c2,s8,dail,773,0.78,"(76.15%, 80.48%)",716,0.73,"(70.20%, 74.89%)",858,0.87,"(85.16%, 88.70%)",38235305.0,38738.91,"(2407073.00%, 5340709.17%)",859,0.87,"(85.27%, 88.80%)",2807949,2844.93,"(276532.24%, 292454.39%)",987,1.0,"(100.00%, 100.00%)"
17,0.2,c2,s8,din,783,0.79,"(77.20%, 81.46%)",705,0.71,"(69.05%, 73.80%)",859,0.87,"(85.27%, 88.80%)",34986674.0,35447.49,"(1952059.26%, 5137439.01%)",901,0.91,"(89.80%, 92.77%)",11814136,11969.74,"(1161391.56%, 1232556.97%)",987,1.0,"(100.00%, 100.00%)"
18,0.2,c2,s9,dail,1658,0.6,"(58.60%, 61.68%)",1695,0.61,"(59.95%, 63.01%)",2326,0.84,"(83.23%, 85.51%)",27729492.0,10057.85,"(567884.78%, 1443685.19%)",2212,0.8,"(78.98%, 81.48%)",9435715,3422.46,"(338583.61%, 345907.87%)",2757,1.0,"(100.00%, 100.00%)"
19,0.2,c2,s9,din,1011,0.37,"(35.16%, 38.18%)",1713,0.62,"(60.61%, 63.66%)",2205,0.8,"(78.72%, 81.24%)",50473261.0,18307.31,"(795716.07%, 2865746.46%)",1908,0.69,"(67.75%, 70.66%)",30975263,11235.13,"(1109502.36%, 1137524.34%)",2757,1.0,"(100.00%, 100.00%)"
20,0.2,c3,s12,dail,221,0.76,"(71.80%, 80.09%)",210,0.72,"(67.82%, 76.51%)",236,0.81,"(77.31%, 84.89%)",10215956.0,35106.38,"(1323123.72%, 5698151.88%)",268,0.92,"(89.48%, 94.71%)",1053016,3618.61,"(348306.77%, 375415.57%)",291,1.0,"(100.00%, 100.00%)"
21,0.2,c3,s12,din,198,0.68,"(63.52%, 72.56%)",219,0.75,"(71.08%, 79.44%)",234,0.8,"(76.57%, 84.26%)",11202150.0,38495.36,"(1948716.24%, 5750355.92%)",269,0.92,"(89.88%, 95.00%)",4140633,14228.98,"(1356713.51%, 1489082.36%)",291,1.0,"(100.00%, 100.00%)"
22,0.2,c3,s13,dail,1484,0.69,"(67.83%, 71.12%)",1592,0.75,"(72.98%, 76.09%)",1811,0.85,"(83.50%, 86.07%)",1768822.0,828.1,"(73624.23%, 91995.81%)",1881,0.88,"(86.90%, 89.22%)",7849781,3674.99,"(364230.09%, 370768.13%)",2136,1.0,"(100.00%, 100.00%)"
23,0.2,c3,s13,din,1308,0.61,"(59.50%, 62.98%)",1490,0.7,"(68.12%, 71.40%)",1686,0.79,"(77.48%, 80.39%)",1419242.0,664.44,"(60822.62%, 72065.20%)",1723,0.81,"(79.25%, 82.08%)",24013887,11242.46,"(1118302.62%, 1130188.67%)",2136,1.0,"(100.00%, 100.00%)"
24,0.2,c3,s14,dail,159,0.44,"(39.50%, 48.10%)",99,0.27,"(23.41%, 31.13%)",257,0.71,"(66.86%, 74.74%)",3545329.0,9766.75,"(460331.88%, 1493017.43%)",338,0.93,"(90.92%, 95.31%)",1584083,4363.87,"(414268.72%, 458504.28%)",363,1.0,"(100.00%, 100.00%)"
25,0.2,c3,s14,din,174,0.48,"(43.60%, 52.27%)",125,0.34,"(30.31%, 38.56%)",248,0.68,"(64.28%, 72.35%)",3874965.0,10674.83,"(473703.91%, 1661263.04%)",328,0.9,"(87.80%, 92.92%)",5382008,14826.47,"(1392192.70%, 1573100.97%)",363,1.0,"(100.00%, 100.00%)"
26,0.2,c3,s15,dail,190,0.09,"(8.07%, 10.15%)",950,0.46,"(43.76%, 47.36%)",1329,0.64,"(62.00%, 65.48%)",18178740.0,8718.82,"(437336.88%, 1306427.15%)",1483,0.71,"(69.49%, 72.77%)",9850904,4724.65,"(468837.02%, 476093.82%)",2085,1.0,"(100.00%, 100.00%)"
27,0.2,c3,s15,din,116,0.06,"(4.74%, 6.39%)",1067,0.51,"(49.37%, 52.98%)",1481,0.71,"(69.39%, 72.67%)",10127162.0,4857.15,"(279896.12%, 691534.28%)",986,0.47,"(45.49%, 49.09%)",24609861,11803.29,"(1173424.61%, 1187233.52%)",2085,1.0,"(100.00%, 100.00%)"
28,0.2,c3,s16,dail,438,0.29,"(27.37%, 31.26%)",1015,0.68,"(65.95%, 69.93%)",1255,0.84,"(82.44%, 85.57%)",5058806.0,3386.08,"(217532.69%, 459683.64%)",1396,0.93,"(92.38%, 94.50%)",6285634,4207.25,"(416128.72%, 425321.61%)",1494,1.0,"(100.00%, 100.00%)"
29,0.2,c3,s16,din,298,0.2,"(18.24%, 21.65%)",1060,0.71,"(69.01%, 72.89%)",1194,0.8,"(78.21%, 81.63%)",4887080.0,3271.14,"(166474.47%, 487753.11%)",1014,0.68,"(65.88%, 69.87%)",18385381,12306.15,"(1216698.15%, 1244530.90%)",1494,1.0,"(100.00%, 100.00%)"
30,0.2,c3,s17,dail,486,0.62,"(59.44%, 65.17%)",587,0.75,"(72.71%, 77.81%)",656,0.84,"(81.94%, 86.26%)",14988430.0,19215.94,"(784754.02%, 3058433.16%)",722,0.93,"(91.01%, 94.12%)",2752091,3528.32,"(341583.29%, 364081.07%)",780,1.0,"(100.00%, 100.00%)"
31,0.2,c3,s17,din,450,0.58,"(54.77%, 60.61%)",555,0.71,"(68.48%, 73.83%)",626,0.8,"(77.90%, 82.61%)",15352209.0,19682.32,"(353709.75%, 3582754.09%)",715,0.92,"(90.03%, 93.30%)",11385684,14597.03,"(1410993.74%, 1508412.41%)",780,1.0,"(100.00%, 100.00%)"
32,0.2,c3,s18,dail,13,0.29,"(17.61%, 40.16%)",22,0.49,"(36.45%, 61.32%)",22,0.49,"(36.45%, 61.32%)",259439.0,5765.31,"(258442.38%, 894619.84%)",26,0.58,"(45.49%, 70.06%)",310820,6907.11,"(590485.05%, 790937.18%)",45,1.0,"(100.00%, 100.00%)"
33,0.2,c3,s18,din,14,0.31,"(19.60%, 42.63%)",16,0.36,"(23.65%, 47.46%)",21,0.47,"(34.26%, 59.08%)",219645.0,4881.0,"(212188.58%, 764011.42%)",25,0.56,"(43.20%, 67.92%)",1715339,38118.64,"(3468123.32%, 4155605.57%)",45,1.0,"(100.00%, 100.00%)"
34,0.2,c3,s19,dail,1695,0.53,"(51.20%, 54.11%)",2167,0.67,"(65.95%, 68.68%)",2428,0.75,"(74.17%, 76.68%)",110541760.0,34340.4,"(2872829.29%, 3995251.48%)",2905,0.9,"(89.38%, 91.11%)",13518152,4199.49,"(412940.67%, 426956.94%)",3219,1.0,"(100.00%, 100.00%)"
35,0.2,c3,s19,din,1235,0.38,"(36.95%, 39.78%)",2055,0.64,"(62.44%, 65.24%)",2293,0.71,"(69.92%, 72.55%)",116448229.0,36175.28,"(2855605.71%, 4379450.46%)",2778,0.86,"(85.30%, 87.30%)",57469118,17853.1,"(1754084.37%, 1816534.95%)",3219,1.0,"(100.00%, 100.00%)"
36,0.2,c4,s20,dail,437,0.64,"(61.42%, 67.49%)",553,0.82,"(79.10%, 84.02%)",580,0.86,"(83.32%, 87.78%)",24750114.0,36504.59,"(1912218.07%, 5388700.52%)",617,0.91,"(89.19%, 92.82%)",2424565,3576.05,"(346550.83%, 368660.08%)",678,1.0,"(100.00%, 100.00%)"
37,0.2,c4,s20,din,495,0.73,"(70.19%, 75.82%)",535,0.79,"(76.32%, 81.50%)",566,0.83,"(81.13%, 85.84%)",27565644.0,40657.29,"(1208062.86%, 6923395.55%)",624,0.92,"(90.32%, 93.75%)",8986275,13254.09,"(1291992.06%, 1358826.52%)",678,1.0,"(100.00%, 100.00%)"
38,0.2,c4,s21,dail,281,0.17,"(15.47%, 18.52%)",850,0.51,"(49.39%, 53.45%)",1240,0.75,"(73.26%, 76.77%)",3023074.0,1828.84,"(106189.58%, 259578.60%)",1475,0.89,"(87.97%, 90.49%)",6980904,4223.17,"(418384.22%, 426250.26%)",1653,1.0,"(100.00%, 100.00%)"
39,0.2,c4,s21,din,181,0.11,"(9.68%, 12.22%)",767,0.46,"(44.38%, 48.42%)",1185,0.72,"(69.86%, 73.52%)",1801678.0,1089.94,"(65678.39%, 152310.48%)",1349,0.82,"(80.04%, 83.18%)",19946385,12066.78,"(1198918.78%, 1214436.93%)",1653,1.0,"(100.00%, 100.00%)"
40,0.2,c4,s22,dail,1252,0.45,"(42.99%, 46.09%)",1805,0.64,"(62.72%, 65.70%)",2197,0.78,"(76.87%, 79.44%)",21319567.0,7584.34,"(566458.37%, 950408.72%)",2528,0.9,"(89.00%, 90.87%)",17976261,6394.97,"(606874.22%, 672119.81%)",2811,1.0,"(100.00%, 100.00%)"
41,0.2,c4,s22,din,1097,0.39,"(37.51%, 40.54%)",1723,0.61,"(59.78%, 62.81%)",2140,0.76,"(74.80%, 77.46%)",21146398.0,7522.73,"(142180.00%, 1362366.28%)",2044,0.73,"(71.33%, 74.10%)",35604202,12666.03,"(1247780.96%, 1285424.45%)",2811,1.0,"(100.00%, 100.00%)"
42,0.2,c4,s24,dail,8,0.09,"(3.78%, 13.43%)",27,0.29,"(21.22%, 36.84%)",53,0.57,"(48.47%, 65.51%)",6200669.0,66673.86,"(3097736.38%, 10237035.67%)",86,0.92,"(87.93%, 97.01%)",585167,6292.12,"(569883.46%, 688540.20%)",93,1.0,"(100.00%, 100.00%)"
43,0.2,c4,s24,din,7,0.08,"(2.99%, 12.07%)",30,0.32,"(24.22%, 40.30%)",51,0.55,"(46.28%, 63.40%)",6541693.0,70340.78,"(3372969.06%, 10695187.93%)",86,0.92,"(87.93%, 97.01%)",1869180,20098.71,"(1840015.30%, 2179726.64%)",93,1.0,"(100.00%, 100.00%)"
44,0.2,c4,s25_2,dail,0,0.0,"(0.00%, 0.00%)",6,0.5,"(25.13%, 74.87%)",9,0.75,"(53.46%, 96.54%)",5204.0,433.67,"(33858.52%, 52874.81%)",8,0.67,"(43.21%, 90.12%)",65208,5434.0,"(454164.94%, 632635.06%)",12,1.0,"(100.00%, 100.00%)"
45,0.2,c4,s25_2,din,0,0.0,"(0.00%, 0.00%)",8,0.67,"(43.21%, 90.12%)",8,0.67,"(43.21%, 90.12%)",12018.0,1001.5,"(63003.56%, 137296.44%)",7,0.58,"(33.81%, 82.86%)",310279,25856.58,"(1774831.80%, 3396484.87%)",12,1.0,"(100.00%, 100.00%)"
46,0.2,c4,s25_3,dail,4,0.03,"(0.62%, 6.05%)",20,0.17,"(11.03%, 22.30%)",26,0.22,"(15.44%, 27.90%)",12460067.0,103833.89,"(7330175.15%, 13436603.18%)",93,0.78,"(71.18%, 83.82%)",3257678,27147.32,"(2271372.13%, 3158091.20%)",120,1.0,"(100.00%, 100.00%)"
47,0.2,c4,s25_3,din,0,0.0,"(0.00%, 0.00%)",12,0.1,"(5.46%, 14.54%)",26,0.22,"(15.44%, 27.90%)",10267629.0,85563.58,"(5842506.45%, 11270208.55%)",92,0.77,"(70.27%, 83.06%)",2725817,22715.14,"(2165370.22%, 2377658.11%)",120,1.0,"(100.00%, 100.00%)"
48,0.2,c4,s25_4_1,dail,0,0.0,"(0.00%, 0.00%)",0,0.0,"(0.00%, 0.00%)",0,0.0,"(0.00%, 0.00%)",1013579.0,56309.94,"(-233357.96%, 11495346.85%)",18,1.0,"(100.00%, 100.00%)",181605,10089.17,"(819514.85%, 1198318.48%)",18,1.0,"(100.00%, 100.00%)"
49,0.2,c4,s25_4_1,din,0,0.0,"(0.00%, 0.00%)",4,0.22,"(5.58%, 38.86%)",4,0.22,"(5.58%, 38.86%)",483822.0,26879.0,"(307131.85%, 5068668.15%)",18,1.0,"(100.00%, 100.00%)",681436,37857.56,"(3379877.51%, 4191633.60%)",18,1.0,"(100.00%, 100.00%)"
50,0.2,c4,s25_4_2,dail,0,0.0,"(0.00%, 0.00%)",6,0.33,"(14.47%, 52.20%)",6,0.33,"(14.47%, 52.20%)",16108.0,894.89,"(82168.07%, 96809.71%)",16,0.89,"(76.31%, 101.47%)",208705,11594.72,"(980919.15%, 1338025.30%)",18,1.0,"(100.00%, 100.00%)"
51,0.2,c4,s25_4_2,din,0,0.0,"(0.00%, 0.00%)",2,0.11,"(-1.47%, 23.69%)",2,0.11,"(-1.47%, 23.69%)",14950.0,830.56,"(66609.69%, 99501.42%)",14,0.78,"(61.14%, 94.42%)",661746,36763.67,"(3086457.33%, 4266276.01%)",18,1.0,"(100.00%, 100.00%)"
52,0.2,c4,s25_4_3,dail,3003,0.55,"(53.83%, 56.05%)",3067,0.56,"(55.00%, 57.22%)",3685,0.67,"(66.37%, 68.46%)",438590076.0,80239.68,"(7224350.75%, 8823584.71%)",5228,0.96,"(95.19%, 96.10%)",30347943,5552.13,"(548758.12%, 561667.90%)",5466,1.0,"(100.00%, 100.00%)"
53,0.2,c4,s25_4_3,din,2360,0.43,"(42.07%, 44.28%)",2899,0.53,"(51.92%, 54.15%)",3489,0.64,"(62.76%, 64.90%)",388437940.0,71064.39,"(6034206.56%, 8178670.87%)",4907,0.9,"(89.10%, 90.45%)",126485728,23140.46,"(2296434.81%, 2331656.22%)",5466,1.0,"(100.00%, 100.00%)"
54,0.2,c4,s25_4_4_1,dail,212,0.15,"(13.04%, 16.10%)",606,0.42,"(39.52%, 43.78%)",714,0.49,"(46.91%, 51.24%)",136153898.0,93576.56,"(7602431.18%, 11112881.26%)",800,0.55,"(52.83%, 57.14%)",9095065,6250.9,"(613191.22%, 636989.54%)",1455,1.0,"(100.00%, 100.00%)"
55,0.2,c4,s25_4_4_1,din,46,0.03,"(2.40%, 3.92%)",535,0.37,"(34.68%, 38.86%)",660,0.45,"(43.21%, 47.52%)",103120131.0,70872.94,"(5131536.76%, 9043051.70%)",422,0.29,"(27.04%, 30.97%)",35614266,24477.16,"(2407565.14%, 2487866.61%)",1455,1.0,"(100.00%, 100.00%)"
56,0.2,c4,s25_4_4_2,dail,112,0.12,"(9.86%, 13.25%)",425,0.44,"(41.23%, 46.49%)",576,0.59,"(56.84%, 62.05%)",70396849.0,72648.97,"(5766888.82%, 8762904.58%)",799,0.82,"(80.44%, 84.47%)",6198097,6396.38,"(626707.63%, 652569.36%)",969,1.0,"(100.00%, 100.00%)"
57,0.2,c4,s25_4_4_2,din,4,0.0,"(0.07%, 0.75%)",328,0.34,"(31.34%, 36.36%)",486,0.5,"(47.50%, 52.81%)",111005666.0,114556.93,"(7733837.92%, 15177548.25%)",426,0.44,"(41.33%, 46.60%)",25659269,26480.15,"(2595348.24%, 2700682.52%)",969,1.0,"(100.00%, 100.00%)"
58,0.2,c4,s25_4_4_3,dail,0,0.0,"(0.00%, 0.00%)",0,0.0,"(0.00%, 0.00%)",0,0.0,"(0.00%, 0.00%)",524635.0,29146.39,"(704075.91%, 5125201.86%)",12,0.67,"(47.80%, 85.53%)",118552,6586.22,"(624355.09%, 692889.35%)",18,1.0,"(100.00%, 100.00%)"
59,0.2,c4,s25_4_4_3,din,0,0.0,"(0.00%, 0.00%)",0,0.0,"(0.00%, 0.00%)",0,0.0,"(0.00%, 0.00%)",548491.0,30471.72,"(796482.24%, 5297862.20%)",7,0.39,"(19.38%, 58.40%)",410839,22824.39,"(2170696.84%, 2394180.94%)",18,1.0,"(100.00%, 100.00%)"
60,0.2,c4,s25_4_4_4,dail,1687,0.29,"(28.36%, 30.34%)",2427,0.42,"(41.15%, 43.30%)",3123,0.54,"(53.25%, 55.42%)",493945453.0,85933.45,"(7822442.29%, 9364247.10%)",5100,0.89,"(88.04%, 89.41%)",38902853,6768.07,"(665452.15%, 688161.39%)",5748,1.0,"(100.00%, 100.00%)"
61,0.2,c4,s25_4_4_4,din,1228,0.21,"(20.47%, 22.26%)",2216,0.39,"(37.49%, 39.61%)",2922,0.51,"(49.75%, 51.92%)",405288260.0,70509.44,"(6039505.24%, 8062382.72%)",4483,0.78,"(77.09%, 78.89%)",145197509,25260.53,"(2504891.64%, 2547213.75%)",5748,1.0,"(100.00%, 100.00%)"
62,0.2,c4,s25_4_4_5,dail,1466,0.3,"(28.53%, 30.67%)",2605,0.53,"(51.42%, 53.77%)",2790,0.56,"(55.17%, 57.49%)",496591932.0,100260.84,"(9094018.78%, 10958148.88%)",4248,0.86,"(84.95%, 86.59%)",29871606,6031.01,"(597939.33%, 608263.22%)",4953,1.0,"(100.00%, 100.00%)"
63,0.2,c4,s25_4_4_5,din,806,0.16,"(15.41%, 17.14%)",2626,0.53,"(51.85%, 54.19%)",2750,0.56,"(54.36%, 56.69%)",546277365.0,110292.22,"(9482595.36%, 12575848.62%)",3890,0.79,"(77.58%, 79.50%)",116252308,23471.09,"(2326995.51%, 2367222.46%)",4953,1.0,"(100.00%, 100.00%)"
64,0.2,c5,s26,dail,12,0.15,"(8.26%, 21.37%)",38,0.47,"(37.71%, 56.12%)",41,0.51,"(41.39%, 59.84%)",70982.0,876.32,"(57535.97%, 117728.23%)",67,0.83,"(75.74%, 89.69%)",446824,5516.35,"(519208.77%, 584060.36%)",81,1.0,"(100.00%, 100.00%)"
65,0.2,c5,s26,din,27,0.33,"(24.64%, 42.03%)",49,0.6,"(51.48%, 69.51%)",55,0.68,"(59.29%, 76.51%)",56248.0,694.42,"(44581.85%, 94302.10%)",79,0.98,"(94.67%, 100.39%)",1296216,16002.67,"(1473949.00%, 1726584.34%)",81,1.0,"(100.00%, 100.00%)"
66,0.2,c5,s27,dail,35,0.07,"(4.81%, 8.37%)",137,0.26,"(22.66%, 28.94%)",184,0.35,"(31.24%, 38.06%)",36553654.0,68839.27,"(4150945.50%, 9616909.12%)",478,0.9,"(87.87%, 92.17%)",10041601,18910.74,"(1712702.14%, 2069445.13%)",531,1.0,"(100.00%, 100.00%)"
67,0.2,c5,s27,din,64,0.12,"(9.72%, 14.39%)",161,0.3,"(27.03%, 33.61%)",248,0.47,"(43.13%, 50.28%)",41493867.0,78142.88,"(3096355.37%, 12532219.77%)",485,0.91,"(89.32%, 93.35%)",12077505,22744.83,"(2198041.44%, 2350924.66%)",531,1.0,"(100.00%, 100.00%)"
68,0.2,c5,s28,dail,776,0.33,"(31.11%, 34.29%)",1398,0.59,"(57.25%, 60.58%)",1521,0.64,"(62.47%, 65.72%)",177623479.0,74851.87,"(6220065.20%, 8750308.08%)",2281,0.96,"(95.47%, 96.78%)",12475265,5257.17,"(502427.36%, 549006.69%)",2373,1.0,"(100.00%, 100.00%)"
69,0.2,c5,s28,din,747,0.31,"(29.91%, 33.05%)",1313,0.55,"(53.65%, 57.02%)",1451,0.61,"(59.49%, 62.80%)",228739730.0,96392.64,"(7235522.75%, 12043004.85%)",2218,0.93,"(92.63%, 94.31%)",41391313,17442.61,"(1717964.86%, 1770557.10%)",2373,1.0,"(100.00%, 100.00%)"
70,0.2,c5,s29,dail,0,0.0,"(0.00%, 0.00%)",30,0.48,"(37.15%, 58.08%)",32,0.51,"(40.32%, 61.27%)",9990818.0,158584.41,"(4735703.12%, 26981179.42%)",52,0.83,"(74.58%, 90.49%)",666896,10585.65,"(739344.00%, 1377786.16%)",63,1.0,"(100.00%, 100.00%)"
71,0.2,c5,s29,din,0,0.0,"(0.00%, 0.00%)",27,0.43,"(32.49%, 53.23%)",32,0.51,"(40.32%, 61.27%)",1168488.0,18547.43,"(901762.93%, 2807722.79%)",56,0.89,"(82.30%, 95.47%)",1323508,21008.06,"(1961749.79%, 2239862.90%)",63,1.0,"(100.00%, 100.00%)"
72,0.2,c6,s31,dail,0,0.0,"(0.00%, 0.00%)",41,0.28,"(22.25%, 34.70%)",65,0.45,"(38.27%, 52.01%)",559856.0,3887.89,"(228279.73%, 549298.05%)",126,0.88,"(82.94%, 92.06%)",1202162,8348.35,"(659399.54%, 1010269.91%)",144,1.0,"(100.00%, 100.00%)"
73,0.2,c6,s31,din,1,0.01,"(-0.45%, 1.84%)",37,0.26,"(19.67%, 31.72%)",68,0.47,"(40.33%, 54.11%)",258076.0,1792.19,"(108302.79%, 250136.10%)",132,0.92,"(87.85%, 95.48%)",2197418,15259.85,"(1418079.71%, 1633889.73%)",144,1.0,"(100.00%, 100.00%)"
74,0.2,c6,s32,dail,20,0.02,"(1.01%, 2.17%)",541,0.43,"(40.73%, 45.34%)",590,0.47,"(44.61%, 49.26%)",78928436.0,62791.12,"(4914490.56%, 7643733.15%)",1234,0.98,"(97.55%, 98.79%)",10789683,8583.68,"(803259.18%, 913476.38%)",1257,1.0,"(100.00%, 100.00%)"
75,0.2,c6,s32,din,14,0.01,"(0.63%, 1.60%)",546,0.43,"(41.13%, 45.74%)",627,0.5,"(47.55%, 52.21%)",82501436.0,65633.6,"(4305968.13%, 8820752.00%)",1195,0.95,"(94.06%, 96.08%)",31130817,24765.96,"(2436748.74%, 2516444.10%)",1257,1.0,"(100.00%, 100.00%)"
76,0.2,c6,s33,dail,0,0.0,"(0.00%, 0.00%)",0,0.0,"(0.00%, 0.00%)",0,0.0,"(0.00%, 0.00%)",8043523.0,111715.6,"(5363422.62%, 16979696.83%)",62,0.86,"(79.34%, 92.88%)",4644458,64506.36,"(6400763.96%, 6500508.26%)",72,1.0,"(100.00%, 100.00%)"
77,0.2,c6,s33,din,0,0.0,"(0.00%, 0.00%)",0,0.0,"(0.00%, 0.00%)",24,0.33,"(24.10%, 42.56%)",2492720.0,34621.11,"(128803.07%, 6795419.16%)",51,0.71,"(61.93%, 79.73%)",3242669,45037.07,"(4486561.98%, 4520851.91%)",72,1.0,"(100.00%, 100.00%)"
78,0.2,c6,s34,dail,0,0.0,"(0.00%, 0.00%)",0,0.0,"(0.00%, 0.00%)",0,0.0,"(0.00%, 0.00%)",3439582.0,47771.97,"(1593791.30%, 7960603.14%)",44,0.61,"(51.56%, 70.66%)",4399460,61103.61,"(5786359.02%, 6434363.21%)",72,1.0,"(100.00%, 100.00%)"
79,0.2,c6,s34,din,0,0.0,"(0.00%, 0.00%)",0,0.0,"(0.00%, 0.00%)",22,0.31,"(21.54%, 39.58%)",9583532.0,133104.61,"(-500276.45%, 27121198.67%)",52,0.72,"(63.45%, 80.99%)",3197060,44403.61,"(4381948.20%, 4498774.02%)",72,1.0,"(100.00%, 100.00%)"
80,0.5,c1,s0,dail,268,0.64,"(59.94%, 67.68%)",250,0.6,"(55.57%, 63.48%)",294,0.7,"(66.31%, 73.69%)",10196305.0,24276.92,"(1498118.38%, 3357264.96%)",278,0.66,"(62.38%, 70.00%)",1807464,4303.49,"(410416.36%, 450280.78%)",420,1.0,"(100.00%, 100.00%)"
81,0.5,c1,s0,din,269,0.64,"(60.18%, 67.92%)",252,0.6,"(56.05%, 63.95%)",292,0.7,"(65.81%, 73.23%)",12402021.0,29528.62,"(1588068.77%, 4317655.51%)",263,0.63,"(58.72%, 66.52%)",6564215,15629.08,"(1496905.46%, 1628911.21%)",420,1.0,"(100.00%, 100.00%)"
82,0.5,c1,s1,dail,937,0.89,"(87.12%, 90.34%)",933,0.88,"(86.72%, 89.98%)",996,0.94,"(93.14%, 95.49%)",643636.0,609.5,"(56724.73%, 65176.03%)",982,0.93,"(91.70%, 94.29%)",2774930,2627.77,"(258210.16%, 267344.76%)",1056,1.0,"(100.00%, 100.00%)"
83,0.5,c1,s1,din,925,0.88,"(85.92%, 89.27%)",949,0.9,"(88.33%, 91.40%)",994,0.94,"(92.93%, 95.32%)",553956.0,524.58,"(49193.84%, 55722.07%)",989,0.94,"(92.42%, 94.89%)",10502137,9945.21,"(987143.40%, 1001897.70%)",1056,1.0,"(100.00%, 100.00%)"
84,0.5,c1,s2,dail,43,0.8,"(70.50%, 88.76%)",46,0.85,"(77.13%, 93.24%)",52,0.96,"(92.02%, 100.58%)",32012.0,592.81,"(48670.73%, 69892.23%)",52,0.96,"(92.02%, 100.58%)",113571,2103.17,"(195710.20%, 224923.14%)",54,1.0,"(100.00%, 100.00%)"
85,0.5,c1,s2,din,43,0.8,"(70.50%, 88.76%)",49,0.91,"(84.17%, 97.31%)",54,1.0,"(100.00%, 100.00%)",25271.0,467.98,"(41107.77%, 52488.53%)",54,1.0,"(100.00%, 100.00%)",489371,9062.43,"(897431.46%, 915053.73%)",54,1.0,"(100.00%, 100.00%)"
86,0.5,c2,s3,dail,1173,0.92,"(90.52%, 93.05%)",1160,0.91,"(89.43%, 92.10%)",1245,0.97,"(96.69%, 98.15%)",785448.0,614.59,"(57348.76%, 65569.55%)",1265,0.99,"(98.52%, 99.45%)",2664165,2084.64,"(205679.04%, 211248.19%)",1278,1.0,"(100.00%, 100.00%)"
87,0.5,c2,s3,din,1186,0.93,"(91.61%, 93.99%)",1166,0.91,"(89.93%, 92.54%)",1228,0.96,"(95.19%, 96.98%)",638383.0,499.52,"(48020.32%, 51883.12%)",1269,0.99,"(98.91%, 99.68%)",11970369,9366.49,"(932807.19%, 940490.00%)",1278,1.0,"(100.00%, 100.00%)"
88,0.5,c2,s4,dail,2370,0.75,"(73.90%, 76.44%)",2383,0.76,"(74.32%, 76.84%)",2642,0.84,"(82.71%, 84.88%)",35198308.0,11163.43,"(828555.30%, 1404131.53%)",2728,0.87,"(85.52%, 87.52%)",10475842,3322.5,"(326139.60%, 338360.37%)",3153,1.0,"(100.00%, 100.00%)"
89,0.5,c2,s4,din,2294,0.73,"(71.45%, 74.06%)",2348,0.74,"(73.19%, 75.75%)",2578,0.82,"(80.63%, 82.90%)",35151519.0,11148.59,"(760322.59%, 1469396.34%)",2762,0.88,"(86.63%, 88.57%)",47666722,15117.89,"(1485901.44%, 1537677.50%)",3153,1.0,"(100.00%, 100.00%)"
90,0.5,c2,s5,dail,22,0.14,"(9.68%, 19.07%)",66,0.43,"(36.51%, 49.77%)",81,0.53,"(46.26%, 59.62%)",19701432.0,128767.53,"(7600606.42%, 18152899.46%)",74,0.48,"(41.68%, 55.05%)",996632,6513.93,"(606368.01%, 696418.92%)",153,1.0,"(100.00%, 100.00%)"
91,0.5,c2,s5,din,26,0.17,"(11.97%, 22.02%)",67,0.44,"(37.15%, 50.43%)",81,0.53,"(46.26%, 59.62%)",15215205.0,99445.78,"(5409151.41%, 14480005.46%)",76,0.5,"(42.98%, 56.36%)",3955463,25852.7,"(2431608.86%, 2738931.01%)",153,1.0,"(100.00%, 100.00%)"
92,0.5,c2,s6,dail,3344,0.79,"(77.51%, 79.59%)",3708,0.87,"(86.26%, 87.95%)",3786,0.89,"(88.14%, 89.73%)",56870939.0,13359.39,"(1024037.67%, 1647841.07%)",3949,0.93,"(92.11%, 93.42%)",10970176,2576.97,"(253908.15%, 261486.54%)",4257,1.0,"(100.00%, 100.00%)"
93,0.5,c2,s6,din,2722,0.64,"(62.73%, 65.16%)",3594,0.84,"(83.51%, 85.34%)",3670,0.86,"(85.34%, 87.08%)",45050343.0,10582.65,"(740010.74%, 1376519.35%)",3876,0.91,"(90.33%, 91.77%)",54382222,12774.78,"(1259946.06%, 1295009.17%)",4257,1.0,"(100.00%, 100.00%)"
94,0.5,c2,s7,dail,1134,0.56,"(54.26%, 57.90%)",1461,0.72,"(70.61%, 73.90%)",1603,0.79,"(77.79%, 80.77%)",40501281.0,20030.31,"(1434933.54%, 2571127.89%)",1503,0.74,"(72.73%, 75.94%)",7934659,3924.16,"(383663.02%, 401169.72%)",2022,1.0,"(100.00%, 100.00%)"
95,0.5,c2,s7,din,914,0.45,"(43.38%, 47.03%)",1347,0.67,"(64.89%, 68.35%)",1497,0.74,"(72.43%, 75.64%)",26021032.0,12868.96,"(892310.21%, 1681481.28%)",1253,0.62,"(60.19%, 63.75%)",30972683,15317.85,"(1496425.88%, 1567143.16%)",2022,1.0,"(100.00%, 100.00%)"
96,0.5,c2,s8,dail,776,0.79,"(76.47%, 80.78%)",709,0.72,"(69.47%, 74.20%)",856,0.87,"(84.94%, 88.51%)",32637634.0,33067.51,"(2054916.82%, 4558585.52%)",862,0.87,"(85.59%, 89.08%)",2815314,2852.4,"(277337.95%, 293141.07%)",987,1.0,"(100.00%, 100.00%)"
97,0.5,c2,s8,din,772,0.78,"(76.05%, 80.39%)",702,0.71,"(68.74%, 73.51%)",852,0.86,"(84.52%, 88.13%)",27371017.0,27731.53,"(1666614.79%, 3879690.58%)",896,0.91,"(89.26%, 92.30%)",11823287,11979.01,"(1162325.89%, 1233476.95%)",987,1.0,"(100.00%, 100.00%)"
98,0.5,c2,s9,dail,1661,0.6,"(58.71%, 61.78%)",1712,0.62,"(60.57%, 63.62%)",2322,0.84,"(83.08%, 85.37%)",28139516.0,10206.57,"(603020.75%, 1438293.43%)",2196,0.8,"(78.39%, 80.92%)",9472834,3435.92,"(340001.53%, 347182.66%)",2757,1.0,"(100.00%, 100.00%)"
99,0.5,c2,s9,din,1019,0.37,"(35.44%, 38.48%)",1699,0.62,"(60.10%, 63.15%)",2208,0.8,"(78.83%, 81.34%)",41970690.0,15223.32,"(627610.26%, 2417053.50%)",1953,0.71,"(69.41%, 72.27%)",30957291,11228.61,"(1108904.59%, 1136818.37%)",2757,1.0,"(100.00%, 100.00%)"
100,0.5,c3,s12,dail,220,0.76,"(71.44%, 79.76%)",208,0.71,"(67.10%, 75.85%)",236,0.81,"(77.31%, 84.89%)",8485354.0,29159.29,"(1358078.02%, 4473780.40%)",268,0.92,"(89.48%, 94.71%)",1051384,3613.0,"(347731.73%, 374868.95%)",291,1.0,"(100.00%, 100.00%)"
101,0.5,c3,s12,din,204,0.7,"(65.67%, 74.54%)",222,0.76,"(72.17%, 80.41%)",238,0.82,"(78.05%, 85.53%)",9601749.0,32995.7,"(1666287.68%, 4932852.52%)",273,0.94,"(91.48%, 96.15%)",4142852,14236.6,"(1357235.00%, 1490085.96%)",291,1.0,"(100.00%, 100.00%)"
102,0.5,c3,s13,dail,1496,0.7,"(68.40%, 71.67%)",1604,0.75,"(73.55%, 76.64%)",1820,0.85,"(83.94%, 86.47%)",2011287.0,941.61,"(84130.36%, 104192.39%)",1891,0.89,"(87.39%, 89.67%)",7871285,3685.06,"(365272.21%, 371739.50%)",2136,1.0,"(100.00%, 100.00%)"
103,0.5,c3,s13,din,1287,0.6,"(58.51%, 62.00%)",1476,0.69,"(67.45%, 70.75%)",1678,0.79,"(77.09%, 80.02%)",1467820.0,687.18,"(62360.44%, 75075.89%)",1719,0.8,"(79.06%, 81.89%)",23983919,11228.43,"(1116895.60%, 1128789.70%)",2136,1.0,"(100.00%, 100.00%)"
104,0.5,c3,s14,dail,168,0.46,"(41.96%, 50.61%)",100,0.28,"(23.67%, 31.42%)",266,0.73,"(69.44%, 77.12%)",3347336.0,9221.31,"(410543.65%, 1433718.60%)",336,0.93,"(90.29%, 94.84%)",1593233,4389.07,"(416692.62%, 461121.70%)",363,1.0,"(100.00%, 100.00%)"
105,0.5,c3,s14,din,174,0.48,"(43.60%, 52.27%)",121,0.33,"(29.25%, 37.42%)",244,0.67,"(63.15%, 71.29%)",2714724.0,7478.58,"(400731.41%, 1094984.29%)",327,0.9,"(87.49%, 92.67%)",5392165,14854.45,"(1395299.25%, 1575590.56%)",363,1.0,"(100.00%, 100.00%)"
106,0.5,c3,s15,dail,186,0.09,"(7.89%, 9.95%)",954,0.46,"(43.95%, 47.56%)",1332,0.64,"(62.15%, 65.62%)",11724705.0,5623.36,"(315182.39%, 809489.55%)",1500,0.72,"(70.32%, 73.57%)",9819531,4709.61,"(467344.73%, 474576.71%)",2085,1.0,"(100.00%, 100.00%)"
107,0.5,c3,s15,din,120,0.06,"(4.91%, 6.60%)",1071,0.51,"(49.56%, 53.17%)",1474,0.71,"(69.05%, 72.34%)",9275020.0,4448.45,"(247349.54%, 642340.63%)",1014,0.49,"(46.83%, 50.44%)",24610480,11803.59,"(1173419.07%, 1187298.43%)",2085,1.0,"(100.00%, 100.00%)"
108,0.5,c3,s16,dail,452,0.3,"(28.29%, 32.22%)",1012,0.68,"(65.74%, 69.73%)",1243,0.83,"(81.60%, 84.80%)",4899802.0,3279.65,"(217244.54%, 438686.12%)",1394,0.93,"(92.24%, 94.37%)",6303492,4219.2,"(417334.66%, 426506.30%)",1494,1.0,"(100.00%, 100.00%)"
109,0.5,c3,s16,din,280,0.19,"(17.08%, 20.41%)",1060,0.71,"(69.01%, 72.89%)",1196,0.8,"(78.35%, 81.76%)",3727063.0,2494.69,"(130971.54%, 367965.94%)",1014,0.68,"(65.88%, 69.87%)",18251278,12216.38,"(1207642.08%, 1235634.76%)",1494,1.0,"(100.00%, 100.00%)"
110,0.5,c3,s17,dail,485,0.62,"(59.31%, 65.05%)",583,0.75,"(72.18%, 77.31%)",654,0.84,"(81.67%, 86.02%)",9192296.0,11784.99,"(572324.02%, 1784674.95%)",713,0.91,"(89.75%, 93.07%)",2761062,3539.82,"(342700.83%, 365263.79%)",780,1.0,"(100.00%, 100.00%)"
111,0.5,c3,s17,din,455,0.58,"(55.42%, 61.25%)",565,0.72,"(69.79%, 75.08%)",640,0.82,"(79.78%, 84.32%)",12619554.0,16178.92,"(472851.57%, 2762931.50%)",711,0.91,"(89.48%, 92.83%)",11376535,14585.3,"(1409893.94%, 1507166.32%)",780,1.0,"(100.00%, 100.00%)"
112,0.5,c3,s18,dail,14,0.31,"(19.60%, 42.63%)",23,0.51,"(38.68%, 63.55%)",23,0.51,"(38.68%, 63.55%)",265973.0,5910.51,"(209331.73%, 972770.50%)",29,0.64,"(52.54%, 76.35%)",310103,6891.18,"(588824.32%, 789411.24%)",45,1.0,"(100.00%, 100.00%)"
113,0.5,c3,s18,din,11,0.24,"(13.75%, 35.13%)",16,0.36,"(23.65%, 47.46%)",21,0.47,"(34.26%, 59.08%)",281121.0,6247.13,"(175932.87%, 1073493.80%)",22,0.49,"(36.45%, 61.32%)",1717634,38169.64,"(3472081.98%, 4161846.91%)",45,1.0,"(100.00%, 100.00%)"
114,0.5,c3,s19,dail,1699,0.53,"(51.33%, 54.23%)",2185,0.68,"(66.52%, 69.24%)",2434,0.76,"(74.36%, 76.86%)",112112904.0,34828.49,"(2910529.29%, 4055168.38%)",2903,0.9,"(89.32%, 91.05%)",13501612,4194.35,"(412463.71%, 426406.25%)",3219,1.0,"(100.00%, 100.00%)"
115,0.5,c3,s19,din,1232,0.38,"(36.86%, 39.69%)",2038,0.63,"(61.91%, 64.71%)",2266,0.7,"(69.07%, 71.72%)",101263337.0,31458.01,"(2549651.68%, 3741950.49%)",2805,0.87,"(86.17%, 88.11%)",57452666,17847.99,"(1753549.37%, 1816047.77%)",3219,1.0,"(100.00%, 100.00%)"
116,0.5,c4,s20,dail,440,0.65,"(61.87%, 67.92%)",551,0.81,"(78.79%, 83.74%)",584,0.86,"(83.94%, 88.33%)",25000781.0,36874.31,"(1848271.56%, 5526590.09%)",615,0.91,"(88.87%, 92.55%)",2422928,3573.64,"(346194.89%, 368533.13%)",678,1.0,"(100.00%, 100.00%)"
117,0.5,c4,s20,din,486,0.72,"(68.82%, 74.54%)",541,0.8,"(77.25%, 82.34%)",574,0.85,"(82.38%, 86.95%)",32641407.0,48143.67,"(1252929.52%, 8375804.11%)",630,0.93,"(91.29%, 94.55%)",8993872,13265.3,"(1292912.60%, 1360146.99%)",678,1.0,"(100.00%, 100.00%)"
118,0.5,c4,s21,dail,301,0.18,"(16.64%, 19.78%)",851,0.51,"(49.45%, 53.51%)",1250,0.76,"(73.88%, 77.36%)",5058259.0,3060.05,"(155222.58%, 456786.97%)",1467,0.89,"(87.46%, 90.03%)",7020461,4247.1,"(420759.17%, 428661.40%)",1653,1.0,"(100.00%, 100.00%)"
119,0.5,c4,s21,din,185,0.11,"(9.91%, 12.47%)",778,0.47,"(45.04%, 49.09%)",1194,0.72,"(70.41%, 74.05%)",2085689.0,1261.76,"(75565.33%, 176786.64%)",1345,0.81,"(79.79%, 82.95%)",19934506,12059.59,"(1198126.45%, 1213792.00%)",1653,1.0,"(100.00%, 100.00%)"
120,0.5,c4,s22,dail,1259,0.45,"(43.24%, 46.34%)",1824,0.65,"(63.40%, 66.37%)",2198,0.78,"(76.91%, 79.48%)",29485128.0,10489.2,"(748944.97%, 1348894.09%)",2506,0.89,"(88.18%, 90.12%)",17989380,6399.64,"(607330.23%, 672597.20%)",2811,1.0,"(100.00%, 100.00%)"
121,0.5,c4,s22,din,1096,0.39,"(37.47%, 40.51%)",1701,0.61,"(58.99%, 62.03%)",2103,0.75,"(73.46%, 76.16%)",27006098.0,9607.29,"(249138.58%, 1672319.83%)",2056,0.73,"(71.76%, 74.52%)",35608558,12667.58,"(1247949.82%, 1285565.52%)",2811,1.0,"(100.00%, 100.00%)"
122,0.5,c4,s24,dail,7,0.08,"(2.99%, 12.07%)",26,0.28,"(20.24%, 35.68%)",54,0.58,"(49.58%, 66.55%)",5687860.0,61159.78,"(2844576.68%, 9387380.31%)",85,0.91,"(86.57%, 96.22%)",584451,6284.42,"(569721.69%, 687162.18%)",93,1.0,"(100.00%, 100.00%)"
123,0.5,c4,s24,din,5,0.05,"(1.50%, 9.26%)",28,0.3,"(22.22%, 38.00%)",52,0.56,"(47.37%, 64.45%)",5794296.0,62304.26,"(2851110.02%, 9609741.59%)",81,0.87,"(81.33%, 92.86%)",1870744,20115.53,"(1840641.15%, 2182464.23%)",93,1.0,"(100.00%, 100.00%)"
124,0.5,c4,s25_2,dail,0,0.0,"(0.00%, 0.00%)",6,0.5,"(25.13%, 74.87%)",9,0.75,"(53.46%, 96.54%)",4116.0,343.0,"(32486.93%, 36113.07%)",7,0.58,"(33.81%, 82.86%)",64360,5363.33,"(454175.72%, 618490.94%)",12,1.0,"(100.00%, 100.00%)"
125,0.5,c4,s25_2,din,0,0.0,"(0.00%, 0.00%)",8,0.67,"(43.21%, 90.12%)",8,0.67,"(43.21%, 90.12%)",8763.0,730.25,"(41412.50%, 104637.50%)",6,0.5,"(25.13%, 74.87%)",308192,25682.67,"(1743065.15%, 3393468.18%)",12,1.0,"(100.00%, 100.00%)"
126,0.5,c4,s25_3,dail,4,0.03,"(0.62%, 6.05%)",20,0.17,"(11.03%, 22.30%)",27,0.22,"(16.18%, 28.82%)",13594639.0,113288.66,"(7913977.99%, 14743753.68%)",85,0.71,"(63.96%, 77.71%)",3260963,27174.69,"(2273842.15%, 3161096.18%)",120,1.0,"(100.00%, 100.00%)"
127,0.5,c4,s25_3,din,2,0.02,"(-0.27%, 3.60%)",14,0.12,"(6.81%, 16.52%)",15,0.12,"(7.50%, 17.50%)",10253058.0,85442.15,"(6000383.82%, 11088046.18%)",92,0.77,"(70.27%, 83.06%)",2707756,22564.63,"(2147292.72%, 2365633.94%)",120,1.0,"(100.00%, 100.00%)"
128,0.5,c4,s25_4_1,dail,0,0.0,"(0.00%, 0.00%)",0,0.0,"(0.00%, 0.00%)",0,0.0,"(0.00%, 0.00%)",581869.0,32326.06,"(234487.54%, 6230723.57%)",18,1.0,"(100.00%, 100.00%)",183740,10207.78,"(833341.20%, 1208214.36%)",18,1.0,"(100.00%, 100.00%)"
129,0.5,c4,s25_4_1,din,0,0.0,"(0.00%, 0.00%)",1,0.06,"(-3.61%, 14.72%)",1,0.06,"(-3.61%, 14.72%)",721943.0,40107.94,"(282930.77%, 7738658.12%)",18,1.0,"(100.00%, 100.00%)",681350,37852.78,"(3363224.13%, 4207331.43%)",18,1.0,"(100.00%, 100.00%)"
130,0.5,c4,s25_4_2,dail,0,0.0,"(0.00%, 0.00%)",6,0.33,"(14.47%, 52.20%)",6,0.33,"(14.47%, 52.20%)",18556.0,1030.89,"(84603.75%, 121574.02%)",17,0.94,"(85.28%, 103.61%)",206180,11454.44,"(970837.18%, 1320051.71%)",18,1.0,"(100.00%, 100.00%)"
131,0.5,c4,s25_4_2,din,0,0.0,"(0.00%, 0.00%)",0,0.0,"(0.00%, 0.00%)",0,0.0,"(0.00%, 0.00%)",17639.0,979.94,"(79908.97%, 116079.92%)",17,0.94,"(85.28%, 103.61%)",660081,36671.17,"(3080103.54%, 4254129.79%)",18,1.0,"(100.00%, 100.00%)"
132,0.5,c4,s25_4_3,dail,3046,0.56,"(54.62%, 56.83%)",3144,0.58,"(56.42%, 58.62%)",3771,0.69,"(67.96%, 70.02%)",411242616.0,75236.48,"(6768341.75%, 8278954.85%)",5225,0.96,"(95.13%, 96.05%)",30338208,5550.35,"(548582.21%, 561487.61%)",5466,1.0,"(100.00%, 100.00%)"
133,0.5,c4,s25_4_3,din,2353,0.43,"(41.94%, 44.15%)",2870,0.53,"(51.39%, 53.62%)",3477,0.64,"(62.54%, 64.69%)",421823454.0,77172.24,"(6519849.17%, 8914598.47%)",4954,0.91,"(89.98%, 91.28%)",126250407,23097.4,"(2292135.10%, 2327345.58%)",5466,1.0,"(100.00%, 100.00%)"
134,0.5,c4,s25_4_4_1,dail,227,0.16,"(14.03%, 17.17%)",627,0.43,"(40.95%, 45.24%)",733,0.5,"(48.21%, 52.54%)",110062205.0,75644.13,"(6102828.71%, 9025996.72%)",805,0.55,"(53.18%, 57.48%)",9076790,6238.34,"(611910.30%, 635758.43%)",1455,1.0,"(100.00%, 100.00%)"
135,0.5,c4,s25_4_4_1,din,56,0.04,"(3.02%, 4.68%)",539,0.37,"(34.95%, 39.13%)",654,0.45,"(42.80%, 47.10%)",137988789.0,94837.66,"(6831743.83%, 12135787.30%)",459,0.32,"(29.54%, 33.56%)",35530061,24419.29,"(2401856.59%, 2482000.60%)",1455,1.0,"(100.00%, 100.00%)"
136,0.5,c4,s25_4_4_2,dail,98,0.1,"(8.51%, 11.71%)",420,0.43,"(40.72%, 45.97%)",580,0.6,"(57.26%, 62.46%)",62309412.0,64302.8,"(5125565.40%, 7734994.36%)",817,0.84,"(82.39%, 86.24%)",6213042,6411.81,"(628323.09%, 654038.52%)",969,1.0,"(100.00%, 100.00%)"
137,0.5,c4,s25_4_4_2,din,8,0.01,"(0.35%, 1.31%)",323,0.33,"(30.83%, 35.83%)",482,0.5,"(47.09%, 52.39%)",86112537.0,88867.43,"(5737876.52%, 12035608.93%)",478,0.49,"(46.68%, 51.98%)",25563621,26381.45,"(2585486.44%, 2690802.72%)",969,1.0,"(100.00%, 100.00%)"
138,0.5,c4,s25_4_4_3,dail,0,0.0,"(0.00%, 0.00%)",0,0.0,"(0.00%, 0.00%)",0,0.0,"(0.00%, 0.00%)",516412.0,28689.56,"(723336.73%, 5014574.38%)",11,0.61,"(41.60%, 80.62%)",119093,6616.28,"(626235.34%, 697020.22%)",18,1.0,"(100.00%, 100.00%)"
139,0.5,c4,s25_4_4_3,din,0,0.0,"(0.00%, 0.00%)",0,0.0,"(0.00%, 0.00%)",0,0.0,"(0.00%, 0.00%)",502423.0,27912.39,"(645300.79%, 4937176.98%)",11,0.61,"(41.60%, 80.62%)",407731,22651.72,"(2161140.31%, 2369204.13%)",18,1.0,"(100.00%, 100.00%)"
140,0.5,c4,s25_4_4_4,dail,1687,0.29,"(28.36%, 30.34%)",2503,0.44,"(42.47%, 44.62%)",3239,0.56,"(55.27%, 57.43%)",470657924.0,81882.03,"(7443853.12%, 8932553.42%)",5122,0.89,"(88.43%, 89.79%)",38870922,6762.51,"(664891.89%, 687610.61%)",5748,1.0,"(100.00%, 100.00%)"
141,0.5,c4,s25_4_4_4,din,1219,0.21,"(20.32%, 22.10%)",2222,0.39,"(37.60%, 39.72%)",2908,0.51,"(49.50%, 51.68%)",431017867.0,74985.71,"(6388338.59%, 8608803.61%)",4653,0.81,"(80.10%, 81.80%)",144728508,25178.93,"(2496755.92%, 2539030.72%)",5748,1.0,"(100.00%, 100.00%)"
142,0.5,c4,s25_4_4_5,dail,1480,0.3,"(28.81%, 30.95%)",2682,0.54,"(52.98%, 55.32%)",2860,0.58,"(56.58%, 58.90%)",455706552.0,92006.17,"(8332156.55%, 10069077.13%)",4254,0.86,"(85.07%, 86.70%)",29756033,6007.68,"(595597.47%, 605938.29%)",4953,1.0,"(100.00%, 100.00%)"
143,0.5,c4,s25_4_4_5,din,837,0.17,"(16.02%, 17.78%)",2640,0.53,"(52.13%, 54.47%)",2765,0.56,"(54.66%, 56.99%)",609880372.0,123133.53,"(10515927.45%, 14110778.46%)",3971,0.8,"(79.24%, 81.11%)",115951962,23410.45,"(2320986.83%, 2361103.30%)",4953,1.0,"(100.00%, 100.00%)"
144,0.5,c5,s26,dail,15,0.19,"(11.35%, 25.68%)",40,0.49,"(40.16%, 58.61%)",43,0.53,"(43.88%, 62.29%)",57248.0,706.77,"(52364.91%, 88988.17%)",70,0.86,"(80.10%, 92.74%)",448098,5532.07,"(521155.39%, 585259.42%)",81,1.0,"(100.00%, 100.00%)"
145,0.5,c5,s26,din,28,0.35,"(25.79%, 43.34%)",46,0.57,"(47.65%, 65.93%)",50,0.62,"(52.76%, 70.69%)",72993.0,901.15,"(58390.38%, 121839.25%)",78,0.96,"(92.81%, 99.78%)",1285718,15873.06,"(1461654.19%, 1712958.15%)",81,1.0,"(100.00%, 100.00%)"
146,0.5,c5,s27,dail,34,0.06,"(4.65%, 8.16%)",133,0.25,"(21.94%, 28.15%)",181,0.34,"(30.69%, 37.48%)",21436787.0,40370.6,"(2172564.93%, 5901554.47%)",487,0.92,"(89.74%, 93.69%)",10058331,18942.24,"(1716132.88%, 2072315.71%)",531,1.0,"(100.00%, 100.00%)"
147,0.5,c5,s27,din,52,0.1,"(7.66%, 11.92%)",161,0.3,"(27.03%, 33.61%)",212,0.4,"(36.41%, 43.43%)",32732708.0,61643.52,"(1747880.91%, 10580822.67%)",474,0.89,"(87.05%, 91.48%)",12035307,22665.36,"(2190444.32%, 2342627.99%)",531,1.0,"(100.00%, 100.00%)"
148,0.5,c5,s28,dail,772,0.33,"(30.95%, 34.12%)",1421,0.6,"(58.22%, 61.54%)",1548,0.65,"(63.62%, 66.85%)",173239089.0,73004.25,"(6058753.42%, 8542096.89%)",2286,0.96,"(95.70%, 96.97%)",12506196,5270.2,"(503725.46%, 550315.50%)",2373,1.0,"(100.00%, 100.00%)"
149,0.5,c5,s28,din,727,0.31,"(29.07%, 32.20%)",1288,0.54,"(52.59%, 55.97%)",1421,0.6,"(58.22%, 61.54%)",215002265.0,90603.57,"(6755028.65%, 11365684.80%)",2203,0.93,"(91.96%, 93.71%)",41320146,17412.62,"(1715060.73%, 1767463.16%)",2373,1.0,"(100.00%, 100.00%)"
150,0.5,c5,s29,dail,0,0.0,"(0.00%, 0.00%)",29,0.46,"(35.59%, 56.48%)",33,0.52,"(41.92%, 62.85%)",13188591.0,209342.71,"(7284751.07%, 34583791.79%)",54,0.86,"(78.38%, 93.05%)",668118,10605.05,"(741836.32%, 1379173.21%)",63,1.0,"(100.00%, 100.00%)"
151,0.5,c5,s29,din,0,0.0,"(0.00%, 0.00%)",28,0.44,"(34.03%, 54.86%)",29,0.46,"(35.59%, 56.48%)",5133069.0,81477.29,"(452500.87%, 15842956.27%)",56,0.89,"(82.30%, 95.47%)",1312524,20833.71,"(1944193.06%, 2222549.80%)",63,1.0,"(100.00%, 100.00%)"
152,0.5,c6,s31,dail,0,0.0,"(0.00%, 0.00%)",41,0.28,"(22.25%, 34.70%)",65,0.45,"(38.27%, 52.01%)",765893.0,5318.7,"(290677.56%, 773062.71%)",126,0.88,"(82.94%, 92.06%)",1208912,8395.22,"(664400.31%, 1014644.14%)",144,1.0,"(100.00%, 100.00%)"
153,0.5,c6,s31,din,0,0.0,"(0.00%, 0.00%)",37,0.26,"(19.67%, 31.72%)",66,0.46,"(38.96%, 52.71%)",560231.0,3890.49,"(137152.32%, 640946.29%)",136,0.94,"(91.28%, 97.61%)",2197440,15260.0,"(1418820.44%, 1633179.56%)",144,1.0,"(100.00%, 100.00%)"
154,0.5,c6,s32,dail,20,0.02,"(1.01%, 2.17%)",562,0.45,"(42.39%, 47.02%)",601,0.48,"(45.49%, 50.14%)",78787995.0,62679.39,"(4932776.55%, 7603101.74%)",1236,0.98,"(97.73%, 98.93%)",10807597,8597.93,"(804670.02%, 914915.82%)",1257,1.0,"(100.00%, 100.00%)"
155,0.5,c6,s32,din,15,0.01,"(0.69%, 1.70%)",530,0.42,"(39.86%, 44.46%)",587,0.47,"(44.38%, 49.02%)",73697171.0,58629.41,"(4072958.91%, 7652923.51%)",1192,0.95,"(93.80%, 95.86%)",31050664,24702.2,"(2430471.07%, 2509968.70%)",1257,1.0,"(100.00%, 100.00%)"
156,0.5,c6,s33,dail,0,0.0,"(0.00%, 0.00%)",0,0.0,"(0.00%, 0.00%)",0,0.0,"(0.00%, 0.00%)",16520827.0,229455.93,"(4648727.07%, 41242459.04%)",64,0.89,"(82.73%, 95.04%)",4643370,64491.25,"(6399460.79%, 6498789.21%)",72,1.0,"(100.00%, 100.00%)"
157,0.5,c6,s33,din,0,0.0,"(0.00%, 0.00%)",0,0.0,"(0.00%, 0.00%)",0,0.0,"(0.00%, 0.00%)",1066435.0,14811.6,"(1328908.21%, 1633411.23%)",48,0.67,"(57.44%, 75.90%)",3250083,45140.04,"(4498305.75%, 4529702.58%)",72,1.0,"(100.00%, 100.00%)"
158,0.5,c6,s34,dail,0,0.0,"(0.00%, 0.00%)",0,0.0,"(0.00%, 0.00%)",0,0.0,"(0.00%, 0.00%)",1637966.0,22749.53,"(1835159.85%, 2714745.70%)",43,0.6,"(50.12%, 69.33%)",4401987,61138.71,"(5790665.75%, 6437075.91%)",72,1.0,"(100.00%, 100.00%)"
159,0.5,c6,s34,din,0,0.0,"(0.00%, 0.00%)",0,0.0,"(0.00%, 0.00%)",0,0.0,"(0.00%, 0.00%)",6926716.0,96204.39,"(10157.46%, 19230720.32%)",43,0.6,"(50.12%, 69.33%)",3203399,44491.65,"(4390391.17%, 4507939.38%)",72,1.0,"(100.00%, 100.00%)"
160,0.8,c1,s0,dail,273,0.65,"(61.16%, 68.84%)",257,0.61,"(57.26%, 65.12%)",297,0.71,"(67.05%, 74.38%)",9007687.0,21446.87,"(1319136.33%, 2970238.43%)",279,0.66,"(62.62%, 70.24%)",1811384,4312.82,"(411150.13%, 451413.68%)",420,1.0,"(100.00%, 100.00%)"
161,0.8,c1,s0,din,263,0.63,"(58.72%, 66.52%)",241,0.57,"(53.39%, 61.37%)",290,0.69,"(65.32%, 72.77%)",9490603.0,22596.67,"(1116634.82%, 3402699.94%)",265,0.63,"(59.21%, 66.98%)",6565771,15632.79,"(1497318.96%, 1629238.65%)",420,1.0,"(100.00%, 100.00%)"
162,0.8,c1,s1,dail,944,0.89,"(87.83%, 90.96%)",934,0.88,"(86.82%, 90.07%)",1004,0.95,"(93.98%, 96.17%)",583637.0,552.69,"(52353.85%, 58183.46%)",983,0.93,"(91.80%, 94.38%)",2769905,2623.02,"(257689.33%, 266913.89%)",1056,1.0,"(100.00%, 100.00%)"
163,0.8,c1,s1,din,908,0.86,"(84.22%, 87.75%)",930,0.88,"(86.42%, 89.71%)",975,0.92,"(90.98%, 93.68%)",553776.0,524.41,"(47361.49%, 57520.33%)",981,0.93,"(91.59%, 94.20%)",10514933,9957.32,"(988245.93%, 1003218.65%)",1056,1.0,"(100.00%, 100.00%)"
164,0.8,c1,s2,dail,42,0.78,"(68.36%, 87.20%)",45,0.83,"(74.89%, 91.78%)",52,0.96,"(92.02%, 100.58%)",26365.0,488.24,"(43640.99%, 54007.16%)",51,0.94,"(89.25%, 99.64%)",113972,2110.59,"(195868.83%, 226249.69%)",54,1.0,"(100.00%, 100.00%)"
165,0.8,c1,s2,din,45,0.83,"(74.89%, 91.78%)",51,0.94,"(89.25%, 99.64%)",54,1.0,"(100.00%, 100.00%)",23785.0,440.46,"(39969.22%, 48123.38%)",54,1.0,"(100.00%, 100.00%)",488268,9042.0,"(896310.11%, 912089.89%)",54,1.0,"(100.00%, 100.00%)"
166,0.8,c2,s3,dail,1179,0.92,"(91.02%, 93.49%)",1168,0.91,"(90.10%, 92.69%)",1241,0.97,"(96.33%, 97.88%)",707698.0,553.75,"(52798.60%, 57952.26%)",1270,0.99,"(99.01%, 99.74%)",2657926,2079.75,"(205199.22%, 210751.64%)",1278,1.0,"(100.00%, 100.00%)"
167,0.8,c2,s3,din,1163,0.91,"(89.68%, 92.32%)",1142,0.89,"(87.93%, 90.78%)",1212,0.95,"(93.81%, 95.86%)",638969.0,499.98,"(47594.92%, 52400.23%)",1265,0.99,"(98.52%, 99.45%)",11976880,9371.58,"(933315.57%, 941000.55%)",1278,1.0,"(100.00%, 100.00%)"
168,0.8,c2,s4,dail,2375,0.75,"(74.06%, 76.59%)",2393,0.76,"(74.64%, 77.15%)",2641,0.84,"(82.68%, 84.85%)",37424012.0,11869.33,"(866549.96%, 1507316.96%)",2728,0.87,"(85.52%, 87.52%)",10520509,3336.67,"(327545.30%, 339787.97%)",3153,1.0,"(100.00%, 100.00%)"
169,0.8,c2,s4,din,2308,0.73,"(71.90%, 74.50%)",2360,0.75,"(73.57%, 76.12%)",2578,0.82,"(80.63%, 82.90%)",39296549.0,12463.23,"(746149.41%, 1746495.63%)",2770,0.88,"(86.89%, 88.81%)",47749230,15144.06,"(1488496.93%, 1540315.63%)",3153,1.0,"(100.00%, 100.00%)"
170,0.8,c2,s5,dail,22,0.14,"(9.68%, 19.07%)",61,0.4,"(33.32%, 46.42%)",81,0.53,"(46.26%, 59.62%)",16536521.0,108081.84,"(6508693.67%, 15107673.65%)",70,0.46,"(39.08%, 52.42%)",1008133,6589.1,"(614270.35%, 703550.57%)",153,1.0,"(100.00%, 100.00%)"
171,0.8,c2,s5,din,21,0.14,"(9.12%, 18.33%)",59,0.39,"(32.05%, 45.08%)",70,0.46,"(39.08%, 52.42%)",14716203.0,96184.33,"(5818660.38%, 13418206.28%)",80,0.52,"(45.60%, 58.97%)",3959297,25877.76,"(2434157.67%, 2741393.97%)",153,1.0,"(100.00%, 100.00%)"
172,0.8,c2,s6,dail,3326,0.78,"(77.08%, 79.18%)",3720,0.87,"(86.55%, 88.23%)",3789,0.89,"(88.22%, 89.80%)",57504631.0,13508.25,"(1034688.58%, 1666961.93%)",3952,0.93,"(92.18%, 93.49%)",11065726,2599.42,"(256131.25%, 263752.51%)",4257,1.0,"(100.00%, 100.00%)"
173,0.8,c2,s6,din,2711,0.64,"(62.47%, 64.90%)",3560,0.84,"(82.69%, 84.56%)",3635,0.85,"(84.50%, 86.28%)",56952617.0,13378.58,"(835085.61%, 1840630.48%)",3874,0.91,"(90.28%, 91.73%)",54453212,12791.45,"(1261617.52%, 1296672.92%)",4257,1.0,"(100.00%, 100.00%)"
174,0.8,c2,s7,dail,1135,0.56,"(54.31%, 57.95%)",1452,0.72,"(70.16%, 73.46%)",1596,0.79,"(77.44%, 80.43%)",36245677.0,17925.66,"(1233712.24%, 2351419.02%)",1508,0.75,"(72.98%, 76.18%)",8008120,3960.49,"(387317.98%, 404780.94%)",2022,1.0,"(100.00%, 100.00%)"
175,0.8,c2,s7,din,932,0.46,"(44.26%, 47.92%)",1336,0.66,"(64.34%, 67.81%)",1487,0.74,"(71.92%, 75.16%)",38794234.0,19186.07,"(999903.22%, 2837310.82%)",1268,0.63,"(60.94%, 64.49%)",30970908,15316.97,"(1496342.21%, 1567051.27%)",2022,1.0,"(100.00%, 100.00%)"
176,0.8,c2,s8,dail,780,0.79,"(76.89%, 81.17%)",714,0.72,"(69.99%, 74.69%)",860,0.87,"(85.37%, 88.89%)",32512084.0,32940.31,"(2090390.74%, 4497670.86%)",863,0.87,"(85.70%, 89.18%)",2820198,2857.34,"(277945.93%, 293522.76%)",987,1.0,"(100.00%, 100.00%)"
177,0.8,c2,s8,din,765,0.78,"(75.31%, 79.70%)",693,0.7,"(67.81%, 72.62%)",843,0.85,"(83.56%, 87.27%)",28122221.0,28492.63,"(1653493.81%, 4045031.21%)",889,0.9,"(88.50%, 91.64%)",11832352,11988.2,"(1163173.66%, 1234466.05%)",987,1.0,"(100.00%, 100.00%)"
178,0.8,c2,s9,dail,1661,0.6,"(58.71%, 61.78%)",1709,0.62,"(60.46%, 63.51%)",2342,0.85,"(83.82%, 86.07%)",28197050.0,10227.44,"(601039.89%, 1444447.96%)",2195,0.8,"(78.35%, 80.88%)",9569143,3470.85,"(343530.12%, 350640.58%)",2757,1.0,"(100.00%, 100.00%)"
179,0.8,c2,s9,din,955,0.35,"(33.14%, 36.13%)",1672,0.61,"(59.11%, 62.18%)",2195,0.8,"(78.35%, 80.88%)",42390986.0,15375.77,"(673843.39%, 2401309.75%)",1967,0.71,"(69.92%, 72.77%)",30974436,11234.83,"(1109534.48%, 1137432.22%)",2757,1.0,"(100.00%, 100.00%)"
180,0.8,c3,s12,dail,215,0.74,"(69.63%, 78.14%)",210,0.72,"(67.82%, 76.51%)",237,0.81,"(77.68%, 85.21%)",8336273.0,28646.99,"(1320998.62%, 4408398.63%)",265,0.91,"(88.30%, 93.83%)",1052291,3616.12,"(347827.52%, 375396.53%)",291,1.0,"(100.00%, 100.00%)"
181,0.8,c3,s12,din,204,0.7,"(65.67%, 74.54%)",225,0.77,"(73.26%, 81.38%)",239,0.82,"(78.42%, 85.84%)",9652321.0,33169.49,"(1672295.50%, 4961602.10%)",269,0.92,"(89.88%, 95.00%)",4146339,14248.59,"(1358776.50%, 1490941.02%)",291,1.0,"(100.00%, 100.00%)"
182,0.8,c3,s13,dail,1489,0.7,"(68.07%, 71.35%)",1614,0.76,"(74.03%, 77.10%)",1827,0.86,"(84.28%, 86.79%)",1711708.0,801.36,"(72752.06%, 87520.23%)",1885,0.88,"(87.10%, 89.40%)",7930803,3712.92,"(368077.62%, 374506.93%)",2136,1.0,"(100.00%, 100.00%)"
183,0.8,c3,s13,din,1261,0.59,"(57.28%, 60.79%)",1449,0.68,"(66.17%, 69.51%)",1659,0.78,"(76.18%, 79.16%)",1410964.0,660.56,"(58837.04%, 73275.69%)",1715,0.8,"(78.87%, 81.71%)",23971570,11222.65,"(1116327.50%, 1128201.52%)",2136,1.0,"(100.00%, 100.00%)"
184,0.8,c3,s14,dail,160,0.44,"(39.77%, 48.38%)",102,0.28,"(24.20%, 32.00%)",260,0.72,"(67.72%, 75.53%)",3133497.0,8632.22,"(372611.30%, 1353833.32%)",340,0.94,"(91.55%, 95.78%)",1598870,4404.6,"(418416.33%, 462503.78%)",363,1.0,"(100.00%, 100.00%)"
185,0.8,c3,s14,din,162,0.45,"(40.32%, 48.94%)",116,0.32,"(27.91%, 36.00%)",235,0.65,"(60.59%, 68.88%)",2951266.0,8130.21,"(378198.94%, 1247842.93%)",326,0.9,"(87.18%, 92.43%)",5394195,14860.04,"(1395371.13%, 1576637.13%)",363,1.0,"(100.00%, 100.00%)"
186,0.8,c3,s15,dail,212,0.1,"(9.08%, 11.26%)",965,0.46,"(44.48%, 48.09%)",1349,0.65,"(62.97%, 66.43%)",15227477.0,7303.35,"(427419.74%, 1033249.51%)",1494,0.72,"(70.03%, 73.28%)",9798503,4699.52,"(466304.20%, 473600.17%)",2085,1.0,"(100.00%, 100.00%)"
187,0.8,c3,s15,din,127,0.06,"(5.23%, 6.96%)",1021,0.49,"(47.16%, 50.78%)",1445,0.69,"(67.64%, 70.97%)",10859492.0,5208.39,"(301596.58%, 740081.31%)",1056,0.51,"(48.84%, 52.45%)",24716641,11854.5,"(1178468.92%, 1192431.89%)",2085,1.0,"(100.00%, 100.00%)"
188,0.8,c3,s16,dail,443,0.3,"(27.70%, 31.60%)",1009,0.68,"(65.54%, 69.54%)",1247,0.83,"(81.88%, 85.05%)",3782744.0,2531.96,"(171463.20%, 334928.24%)",1403,0.94,"(92.89%, 94.93%)",6320175,4230.37,"(418469.82%, 427604.47%)",1494,1.0,"(100.00%, 100.00%)"
189,0.8,c3,s16,din,282,0.19,"(17.20%, 20.55%)",1039,0.7,"(67.58%, 71.51%)",1171,0.78,"(76.62%, 80.14%)",2890771.0,1934.92,"(129618.24%, 257365.83%)",1094,0.73,"(71.34%, 75.12%)",18068368,12093.95,"(1195171.53%, 1223619.37%)",1494,1.0,"(100.00%, 100.00%)"
190,0.8,c3,s17,dail,491,0.63,"(60.09%, 65.80%)",584,0.75,"(72.31%, 77.44%)",655,0.84,"(81.81%, 86.14%)",11221998.0,14387.18,"(614246.91%, 2263188.48%)",715,0.92,"(90.03%, 93.30%)",2766686,3547.03,"(343359.66%, 366047.00%)",780,1.0,"(100.00%, 100.00%)"
191,0.8,c3,s17,din,456,0.58,"(55.55%, 61.37%)",560,0.72,"(69.13%, 74.46%)",626,0.8,"(77.90%, 82.61%)",17287034.0,22162.86,"(373532.08%, 4059040.74%)",715,0.92,"(90.03%, 93.30%)",11391818,14604.89,"(1411753.82%, 1509225.15%)",780,1.0,"(100.00%, 100.00%)"
192,0.8,c3,s18,dail,17,0.38,"(25.72%, 49.84%)",25,0.56,"(43.20%, 67.92%)",25,0.56,"(43.20%, 67.92%)",263261.0,5850.24,"(183365.54%, 986683.35%)",28,0.62,"(50.16%, 74.28%)",308958,6865.73,"(586743.74%, 786402.93%)",45,1.0,"(100.00%, 100.00%)"
193,0.8,c3,s18,din,7,0.16,"(6.54%, 24.57%)",13,0.29,"(17.61%, 40.16%)",16,0.36,"(23.65%, 47.46%)",317624.0,7058.31,"(242478.18%, 1169184.04%)",21,0.47,"(34.26%, 59.08%)",1715988,38133.07,"(3466753.30%, 4159860.03%)",45,1.0,"(100.00%, 100.00%)"
194,0.8,c3,s19,dail,1675,0.52,"(50.58%, 53.49%)",2184,0.68,"(66.49%, 69.21%)",2435,0.76,"(74.40%, 76.89%)",114330376.0,35517.36,"(2988172.67%, 4115298.97%)",2878,0.89,"(88.51%, 90.30%)",13574853,4217.1,"(414736.39%, 428684.11%)",3219,1.0,"(100.00%, 100.00%)"
195,0.8,c3,s19,din,1239,0.38,"(37.07%, 39.91%)",2021,0.63,"(61.38%, 64.19%)",2258,0.7,"(68.81%, 71.48%)",94622163.0,29394.89,"(2446845.69%, 3432133.06%)",2783,0.86,"(85.46%, 87.45%)",57520781,17869.15,"(1755669.87%, 1818159.33%)",3219,1.0,"(100.00%, 100.00%)"
196,0.8,c4,s20,dail,440,0.65,"(61.87%, 67.92%)",548,0.81,"(78.33%, 83.32%)",585,0.86,"(84.10%, 88.46%)",24153741.0,35624.99,"(1828799.43%, 5296197.91%)",626,0.92,"(90.64%, 94.02%)",2445620,3607.11,"(349455.18%, 371966.64%)",678,1.0,"(100.00%, 100.00%)"
197,0.8,c4,s20,din,457,0.67,"(64.43%, 70.38%)",535,0.79,"(76.32%, 81.50%)",566,0.83,"(81.13%, 85.84%)",26210742.0,38658.91,"(1131396.59%, 6600385.72%)",625,0.92,"(90.48%, 93.89%)",9004085,13280.36,"(1294572.42%, 1361499.85%)",678,1.0,"(100.00%, 100.00%)"
198,0.8,c4,s21,dail,305,0.18,"(16.88%, 20.03%)",866,0.52,"(50.36%, 54.42%)",1255,0.76,"(74.19%, 77.66%)",3221939.0,1949.15,"(116141.69%, 273687.59%)",1462,0.88,"(87.15%, 89.74%)",7084137,4285.62,"(424599.64%, 432525.22%)",1653,1.0,"(100.00%, 100.00%)"
199,0.8,c4,s21,din,166,0.1,"(8.82%, 11.26%)",760,0.46,"(43.95%, 48.00%)",1172,0.71,"(69.06%, 72.75%)",2036661.0,1232.1,"(72667.36%, 173752.60%)",1359,0.82,"(80.66%, 83.77%)",19971869,12082.2,"(1200352.79%, 1216086.29%)",1653,1.0,"(100.00%, 100.00%)"
200,0.8,c4,s22,dail,1259,0.45,"(43.24%, 46.34%)",1819,0.65,"(63.22%, 66.20%)",2203,0.78,"(77.09%, 79.65%)",40549397.0,14425.26,"(993040.94%, 1892010.43%)",2526,0.9,"(88.92%, 90.80%)",18028630,6413.6,"(608709.06%, 674010.96%)",2811,1.0,"(100.00%, 100.00%)"
201,0.8,c4,s22,din,1061,0.38,"(36.24%, 39.25%)",1678,0.6,"(58.17%, 61.22%)",2050,0.73,"(71.54%, 74.31%)",28932452.0,10292.58,"(316277.63%, 1742239.05%)",2058,0.73,"(71.83%, 74.59%)",35740885,12714.65,"(1252555.43%, 1290374.84%)",2811,1.0,"(100.00%, 100.00%)"
202,0.8,c4,s24,dail,5,0.05,"(1.50%, 9.26%)",25,0.27,"(19.26%, 34.51%)",51,0.55,"(46.28%, 63.40%)",6606305.0,71035.54,"(2967138.82%, 11239968.71%)",87,0.94,"(89.32%, 97.77%)",587432,6316.47,"(571583.88%, 691710.75%)",93,1.0,"(100.00%, 100.00%)"
203,0.8,c4,s24,din,7,0.08,"(2.99%, 12.07%)",25,0.27,"(19.26%, 34.51%)",49,0.53,"(44.10%, 61.28%)",6315425.0,67907.8,"(3049073.64%, 10532485.50%)",86,0.92,"(87.93%, 97.01%)",1865328,20057.29,"(1834940.70%, 2176517.37%)",93,1.0,"(100.00%, 100.00%)"
204,0.8,c4,s25_2,dail,0,0.0,"(0.00%, 0.00%)",6,0.5,"(25.13%, 74.87%)",9,0.75,"(53.46%, 96.54%)",4458.0,371.5,"(32643.29%, 41656.71%)",7,0.58,"(33.81%, 82.86%)",66672,5556.0,"(468405.85%, 642794.15%)",12,1.0,"(100.00%, 100.00%)"
205,0.8,c4,s25_2,din,0,0.0,"(0.00%, 0.00%)",7,0.58,"(33.81%, 82.86%)",7,0.58,"(33.81%, 82.86%)",9639.0,803.25,"(41394.77%, 119255.23%)",7,0.58,"(33.81%, 82.86%)",307463,25621.92,"(1741517.90%, 3382865.43%)",12,1.0,"(100.00%, 100.00%)"
206,0.8,c4,s25_3,dail,3,0.02,"(0.14%, 4.86%)",18,0.15,"(9.60%, 20.40%)",25,0.21,"(14.69%, 26.98%)",19366916.0,161390.97,"(7488049.17%, 24790144.17%)",90,0.75,"(68.45%, 81.55%)",3262421,27186.84,"(2275059.90%, 3162308.43%)",120,1.0,"(100.00%, 100.00%)"
207,0.8,c4,s25_3,din,3,0.02,"(0.14%, 4.86%)",20,0.17,"(11.03%, 22.30%)",20,0.17,"(11.03%, 22.30%)",8276791.0,68973.26,"(4835773.73%, 8958877.94%)",90,0.75,"(68.45%, 81.55%)",2696321,22469.34,"(2137909.82%, 2355958.51%)",120,1.0,"(100.00%, 100.00%)"
208,0.8,c4,s25_4_1,dail,0,0.0,"(0.00%, 0.00%)",0,0.0,"(0.00%, 0.00%)",0,0.0,"(0.00%, 0.00%)",682560.0,37920.0,"(120483.45%, 7463516.55%)",18,1.0,"(100.00%, 100.00%)",181308,10072.67,"(815771.03%, 1198762.30%)",18,1.0,"(100.00%, 100.00%)"
209,0.8,c4,s25_4_1,din,0,0.0,"(0.00%, 0.00%)",2,0.11,"(-1.47%, 23.69%)",2,0.11,"(-1.47%, 23.69%)",642680.0,35704.44,"(537039.49%, 6603849.40%)",18,1.0,"(100.00%, 100.00%)",680752,37819.56,"(3361643.54%, 4202267.57%)",18,1.0,"(100.00%, 100.00%)"
210,0.8,c4,s25_4_2,dail,0,0.0,"(0.00%, 0.00%)",6,0.33,"(14.47%, 52.20%)",6,0.33,"(14.47%, 52.20%)",18471.0,1026.17,"(80749.69%, 124483.65%)",18,1.0,"(100.00%, 100.00%)",207528,11529.33,"(973763.20%, 1332103.47%)",18,1.0,"(100.00%, 100.00%)"
211,0.8,c4,s25_4_2,din,0,0.0,"(0.00%, 0.00%)",2,0.11,"(-1.47%, 23.69%)",3,0.17,"(1.75%, 31.58%)",17512.0,972.89,"(75241.43%, 119336.34%)",15,0.83,"(68.42%, 98.25%)",660443,36691.28,"(3068897.66%, 4269357.89%)",18,1.0,"(100.00%, 100.00%)"
212,0.8,c4,s25_4_3,dail,2980,0.55,"(53.41%, 55.63%)",3178,0.58,"(57.04%, 59.24%)",3787,0.69,"(68.25%, 70.31%)",399095387.0,73014.16,"(6580493.54%, 8022338.03%)",5238,0.96,"(95.38%, 96.28%)",30415049,5564.41,"(549990.79%, 562890.62%)",5466,1.0,"(100.00%, 100.00%)"
213,0.8,c4,s25_4_3,din,2311,0.42,"(41.18%, 43.38%)",2877,0.53,"(51.52%, 53.75%)",3437,0.63,"(61.80%, 63.96%)",493575836.0,90299.27,"(7598258.21%, 10461596.75%)",5022,0.92,"(91.27%, 92.49%)",125932771,23039.29,"(2286303.56%, 2321554.88%)",5466,1.0,"(100.00%, 100.00%)"
214,0.8,c4,s25_4_4_1,dail,207,0.14,"(12.72%, 15.74%)",633,0.44,"(41.36%, 45.65%)",731,0.5,"(48.08%, 52.40%)",123337478.0,84768.03,"(6855986.87%, 10097618.36%)",795,0.55,"(52.48%, 56.79%)",9105763,6258.26,"(613926.57%, 637724.70%)",1455,1.0,"(100.00%, 100.00%)"
215,0.8,c4,s25_4_4_1,din,72,0.05,"(4.01%, 5.89%)",528,0.36,"(34.21%, 38.37%)",651,0.45,"(42.59%, 46.89%)",103487246.0,71125.25,"(5257211.01%, 8967839.99%)",512,0.35,"(33.12%, 37.26%)",35309059,24267.39,"(2386552.66%, 2466926.24%)",1455,1.0,"(100.00%, 100.00%)"
216,0.8,c4,s25_4_4_2,dail,110,0.11,"(9.67%, 13.03%)",424,0.44,"(41.13%, 46.39%)",584,0.6,"(57.67%, 62.86%)",57797617.0,59646.66,"(4707539.92%, 7221792.79%)",810,0.84,"(81.63%, 85.56%)",6243639,6443.38,"(631472.76%, 657204.02%)",969,1.0,"(100.00%, 100.00%)"
217,0.8,c4,s25_4_4_2,din,25,0.03,"(1.74%, 3.42%)",323,0.33,"(30.83%, 35.83%)",471,0.49,"(45.96%, 51.26%)",83855548.0,86538.23,"(5443904.33%, 11863742.31%)",515,0.53,"(50.50%, 55.79%)",25463233,26277.85,"(2574907.25%, 2680661.99%)",969,1.0,"(100.00%, 100.00%)"
218,0.8,c4,s25_4_4_3,dail,0,0.0,"(0.00%, 0.00%)",0,0.0,"(0.00%, 0.00%)",0,0.0,"(0.00%, 0.00%)",586692.0,32594.0,"(661521.18%, 5857278.82%)",10,0.56,"(35.67%, 75.44%)",120672,6704.0,"(634779.23%, 706020.77%)",18,1.0,"(100.00%, 100.00%)"
219,0.8,c4,s25_4_4_3,din,0,0.0,"(0.00%, 0.00%)",0,0.0,"(0.00%, 0.00%)",0,0.0,"(0.00%, 0.00%)",617003.0,34277.94,"(849131.43%, 6006457.46%)",9,0.5,"(29.99%, 70.01%)",408316,22684.22,"(2161922.72%, 2374921.72%)",18,1.0,"(100.00%, 100.00%)"
220,0.8,c4,s25_4_4_4,dail,1672,0.29,"(28.10%, 30.08%)",2532,0.44,"(42.97%, 45.13%)",3239,0.56,"(55.27%, 57.43%)",458510324.0,79768.67,"(7239890.98%, 8713843.33%)",5133,0.89,"(88.63%, 89.97%)",38857715,6760.21,"(664648.32%, 687394.65%)",5748,1.0,"(100.00%, 100.00%)"
221,0.8,c4,s25_4_4_4,din,1281,0.22,"(21.38%, 23.19%)",2167,0.38,"(36.65%, 38.75%)",2860,0.5,"(48.67%, 50.84%)",508729830.0,88505.54,"(7508558.53%, 10192548.99%)",4750,0.83,"(81.81%, 83.46%)",144023113,25056.21,"(2484497.09%, 2526745.53%)",5748,1.0,"(100.00%, 100.00%)"
222,0.8,c4,s25_4_4_5,dail,1429,0.29,"(27.79%, 29.91%)",2704,0.55,"(53.43%, 55.76%)",2888,0.58,"(57.15%, 59.46%)",441396953.0,89117.09,"(8063182.59%, 9760235.66%)",4288,0.87,"(85.77%, 87.37%)",29605699,5977.33,"(592557.96%, 602907.37%)",4953,1.0,"(100.00%, 100.00%)"
223,0.8,c4,s25_4_4_5,din,816,0.16,"(15.61%, 17.34%)",2606,0.53,"(51.44%, 53.79%)",2736,0.55,"(54.07%, 56.41%)",598852601.0,120907.05,"(10338554.06%, 13842855.23%)",4002,0.81,"(79.88%, 81.72%)",115738928,23367.44,"(2316742.87%, 2356745.03%)",4953,1.0,"(100.00%, 100.00%)"
224,0.8,c5,s26,dail,14,0.17,"(10.31%, 24.26%)",39,0.48,"(38.93%, 57.37%)",44,0.54,"(45.13%, 63.51%)",67947.0,838.85,"(48731.88%, 119038.49%)",73,0.9,"(84.62%, 95.63%)",454992,5617.19,"(529779.66%, 593657.38%)",81,1.0,"(100.00%, 100.00%)"
225,0.8,c5,s26,din,23,0.28,"(20.08%, 36.71%)",46,0.57,"(47.65%, 65.93%)",51,0.63,"(54.05%, 71.87%)",89535.0,1105.37,"(60866.66%, 160207.42%)",79,0.98,"(94.67%, 100.39%)",1304241,16101.74,"(1485422.88%, 1734925.27%)",81,1.0,"(100.00%, 100.00%)"
226,0.8,c5,s27,dail,34,0.06,"(4.65%, 8.16%)",148,0.28,"(24.66%, 31.09%)",200,0.38,"(34.19%, 41.14%)",22312955.0,42020.63,"(2185284.88%, 6218841.30%)",484,0.91,"(89.11%, 93.18%)",10087009,18996.25,"(1721820.38%, 2077429.71%)",531,1.0,"(100.00%, 100.00%)"
227,0.8,c5,s27,din,57,0.11,"(8.52%, 12.95%)",158,0.3,"(26.48%, 33.03%)",203,0.38,"(34.75%, 41.71%)",39162074.0,73751.55,"(2887777.85%, 11862532.51%)",474,0.89,"(87.05%, 91.48%)",12055933,22704.21,"(2194196.99%, 2346644.06%)",531,1.0,"(100.00%, 100.00%)"
228,0.8,c5,s28,dail,781,0.33,"(31.32%, 34.50%)",1413,0.6,"(57.88%, 61.21%)",1539,0.65,"(63.24%, 66.47%)",175229714.0,73843.12,"(6137427.27%, 8631195.91%)",2275,0.96,"(95.20%, 96.54%)",12599545,5309.54,"(507654.72%, 554253.84%)",2373,1.0,"(100.00%, 100.00%)"
229,0.8,c5,s28,din,674,0.28,"(26.88%, 29.93%)",1283,0.54,"(52.38%, 55.75%)",1417,0.6,"(58.05%, 61.38%)",225430604.0,94998.15,"(7091137.15%, 11908492.35%)",2183,0.92,"(91.07%, 92.91%)",41244244,17380.63,"(1711966.27%, 1764160.49%)",2373,1.0,"(100.00%, 100.00%)"
230,0.8,c5,s29,dail,0,0.0,"(0.00%, 0.00%)",30,0.48,"(37.15%, 58.08%)",31,0.49,"(38.73%, 59.68%)",12769673.0,202693.22,"(7398740.99%, 33139903.45%)",53,0.84,"(76.47%, 91.78%)",667555,10596.11,"(741085.54%, 1378136.68%)",63,1.0,"(100.00%, 100.00%)"
231,0.8,c5,s29,din,0,0.0,"(0.00%, 0.00%)",25,0.4,"(29.43%, 49.93%)",26,0.41,"(30.95%, 51.59%)",5334345.0,84672.14,"(1805606.80%, 15128821.77%)",52,0.83,"(74.58%, 90.49%)",1305769,20726.49,"(1932075.28%, 2213223.13%)",63,1.0,"(100.00%, 100.00%)"
232,0.8,c6,s31,dail,0,0.0,"(0.00%, 0.00%)",44,0.31,"(24.20%, 36.91%)",66,0.46,"(38.96%, 52.71%)",737588.0,5122.14,"(305130.59%, 719297.19%)",128,0.89,"(84.55%, 93.23%)",1212074,8417.18,"(667080.60%, 1016355.52%)",144,1.0,"(100.00%, 100.00%)"
233,0.8,c6,s31,din,0,0.0,"(0.00%, 0.00%)",38,0.26,"(20.31%, 32.47%)",67,0.47,"(39.65%, 53.41%)",451850.0,3137.85,"(182594.01%, 444975.43%)",137,0.95,"(92.17%, 98.11%)",2201094,15285.38,"(1422283.38%, 1634791.62%)",144,1.0,"(100.00%, 100.00%)"
234,0.8,c6,s32,dail,19,0.02,"(0.94%, 2.08%)",565,0.45,"(42.63%, 47.26%)",611,0.49,"(46.28%, 50.93%)",78030616.0,62076.86,"(4890709.14%, 7524663.33%)",1234,0.98,"(97.55%, 98.79%)",10808681,8598.79,"(804727.37%, 915030.95%)",1257,1.0,"(100.00%, 100.00%)"
235,0.8,c6,s32,din,18,0.01,"(0.88%, 1.99%)",542,0.43,"(40.81%, 45.42%)",594,0.47,"(44.93%, 49.58%)",79052962.0,62890.18,"(4195022.80%, 8383014.11%)",1203,0.96,"(94.76%, 96.65%)",31001004,24662.69,"(2426576.59%, 2505961.84%)",1257,1.0,"(100.00%, 100.00%)"
236,0.8,c6,s33,dail,0,0.0,"(0.00%, 0.00%)",0,0.0,"(0.00%, 0.00%)",0,0.0,"(0.00%, 0.00%)",21434620.0,297703.06,"(9672477.86%, 49868133.26%)",62,0.86,"(79.34%, 92.88%)",4646979,64541.38,"(6404613.34%, 6503661.66%)",72,1.0,"(100.00%, 100.00%)"
237,0.8,c6,s33,din,0,0.0,"(0.00%, 0.00%)",0,0.0,"(0.00%, 0.00%)",0,0.0,"(0.00%, 0.00%)",938600.0,13036.11,"(1200344.37%, 1406877.86%)",47,0.65,"(55.96%, 74.60%)",3260977,45291.35,"(4515502.18%, 4542767.27%)",72,1.0,"(100.00%, 100.00%)"
238,0.8,c6,s34,dail,0,0.0,"(0.00%, 0.00%)",0,0.0,"(0.00%, 0.00%)",0,0.0,"(0.00%, 0.00%)",1832775.0,25455.21,"(2016051.70%, 3074989.97%)",43,0.6,"(50.12%, 69.33%)",4402181,61141.4,"(5791532.01%, 6436748.55%)",72,1.0,"(100.00%, 100.00%)"
239,0.8,c6,s34,din,0,0.0,"(0.00%, 0.00%)",0,0.0,"(0.00%, 0.00%)",0,0.0,"(0.00%, 0.00%)",24252016.0,336833.56,"(3920200.37%, 63446510.74%)",50,0.69,"(60.42%, 78.46%)",3184315,44226.6,"(4365398.18%, 4479921.26%)",72,1.0,"(100.00%, 100.00%)"
240,0.2,c1,all,dail,1257,0.82,"(80.54%, 83.77%)",1225,0.8,"(78.38%, 81.75%)",1340,0.88,"(86.19%, 88.97%)",8692338.0,5681.27,"(364049.26%, 772204.07%)",1315,0.86,"(84.48%, 87.41%)",4690553,3065.72,"(299502.12%, 313642.06%)",1530,1.0,"(100.00%, 100.00%)"
241,0.2,c1,all,din,1232,0.81,"(78.85%, 82.19%)",1246,0.81,"(79.80%, 83.08%)",1340,0.88,"(86.19%, 88.97%)",12108889.0,7914.31,"(445251.67%, 1137609.64%)",1305,0.85,"(83.80%, 86.79%)",17562604,11478.83,"(1126151.91%, 1169613.32%)",1530,1.0,"(100.00%, 100.00%)"
242,0.2,c2,all,dail,10454,0.72,"(70.95%, 72.18%)",11145,0.76,"(75.72%, 76.88%)",12503,0.86,"(85.12%, 86.08%)",222549609.0,15235.82,"(1323488.87%, 1723674.94%)",12575,0.86,"(85.62%, 86.56%)",45220613,3095.82,"(307075.44%, 312088.15%)",14607,1.0,"(100.00%, 100.00%)"
243,0.2,c2,all,din,8964,0.61,"(60.70%, 62.03%)",10989,0.75,"(74.64%, 75.82%)",12164,0.83,"(82.77%, 83.78%)",240755546.0,16482.2,"(1332384.35%, 1964056.34%)",12070,0.83,"(82.11%, 83.15%)",191741256,13126.67,"(1302348.81%, 1322985.01%)",14607,1.0,"(100.00%, 100.00%)"
244,0.2,c3,all,dail,4686,0.45,"(44.20%, 45.81%)",6642,0.64,"(63.01%, 64.56%)",7994,0.77,"(76.09%, 77.45%)",164557282.0,15803.06,"(1357206.45%, 1803405.90%)",9019,0.87,"(86.06%, 87.16%)",43204481,4149.09,"(412042.66%, 417775.47%)",10413,1.0,"(100.00%, 100.00%)"
245,0.2,c3,all,din,3793,0.36,"(35.65%, 37.20%)",6587,0.63,"(62.48%, 64.04%)",7783,0.75,"(74.04%, 75.45%)",163530682.0,15704.47,"(1294460.27%, 1846434.42%)",7838,0.75,"(74.57%, 75.97%)",147101911,14126.76,"(1400199.00%, 1425152.22%)",10413,1.0,"(100.00%, 100.00%)"
246,0.2,c4,all,dail,8462,0.35,"(34.73%, 35.75%)",12397,0.52,"(51.10%, 52.16%)",14999,0.62,"(61.95%, 62.98%)",1704991225.0,71005.8,"(6748802.20%, 7452357.43%)",21028,0.88,"(87.22%, 87.92%)",146214209,6089.21,"(603053.99%, 614788.83%)",24012,1.0,"(100.00%, 100.00%)"
247,0.2,c4,all,din,6224,0.26,"(25.45%, 26.39%)",11685,0.49,"(48.13%, 49.20%)",14289,0.6,"(58.99%, 60.03%)",1622511685.0,67570.87,"(6237567.47%, 7276606.15%)",18369,0.76,"(76.05%, 76.95%)",520405239,21672.72,"(2157092.40%, 2177450.65%)",24012,1.0,"(100.00%, 100.00%)"
248,0.2,c5,all,dail,823,0.27,"(25.67%, 28.33%)",1603,0.53,"(51.10%, 54.08%)",1778,0.58,"(56.86%, 59.81%)",224238933.0,73569.2,"(6238419.07%, 8475421.67%)",2878,0.94,"(93.74%, 95.11%)",23630586,7752.82,"(735579.72%, 814983.66%)",3048,1.0,"(100.00%, 100.00%)"
249,0.2,c5,all,din,838,0.27,"(26.16%, 28.83%)",1550,0.51,"(49.36%, 52.35%)",1786,0.59,"(57.12%, 60.07%)",271458333.0,89061.13,"(6861585.49%, 10950641.08%)",2838,0.93,"(92.35%, 93.87%)",56088542,18401.75,"(1814605.61%, 1865744.92%)",3048,1.0,"(100.00%, 100.00%)"
250,0.2,c6,all,dail,20,0.01,"(0.82%, 1.77%)",582,0.38,"(35.64%, 39.70%)",655,0.42,"(40.32%, 44.47%)",90971397.0,58881.16,"(4733006.99%, 7043225.63%)",1466,0.95,"(93.96%, 95.81%)",21035763,13615.38,"(1278495.93%, 1444580.18%)",1545,1.0,"(100.00%, 100.00%)"
251,0.2,c6,all,din,15,0.01,"(0.56%, 1.38%)",583,0.38,"(35.70%, 39.77%)",741,0.48,"(45.86%, 50.06%)",94835764.0,61382.37,"(4184755.06%, 8091719.24%)",1430,0.93,"(91.45%, 93.66%)",39767964,25739.78,"(2529868.48%, 2618088.03%)",1545,1.0,"(100.00%, 100.00%)"
252,0.5,c1,all,dail,1248,0.82,"(79.93%, 83.20%)",1229,0.8,"(78.65%, 82.00%)",1342,0.88,"(86.33%, 89.10%)",10871953.0,7105.85,"(451745.74%, 969424.59%)",1312,0.86,"(84.28%, 87.23%)",4695965,3069.26,"(299818.82%, 314032.81%)",1530,1.0,"(100.00%, 100.00%)"
253,0.5,c1,all,din,1237,0.81,"(79.19%, 82.51%)",1250,0.82,"(80.07%, 83.33%)",1340,0.88,"(86.19%, 88.97%)",12981248.0,8484.48,"(470151.20%, 1226743.97%)",1306,0.85,"(83.87%, 86.85%)",17555723,11474.33,"(1125742.14%, 1169123.62%)",1530,1.0,"(100.00%, 100.00%)"
254,0.5,c2,all,dail,10480,0.72,"(71.13%, 72.36%)",11199,0.77,"(76.09%, 77.25%)",12535,0.86,"(85.34%, 86.29%)",213834558.0,14639.18,"(1276715.83%, 1651120.93%)",12577,0.86,"(85.63%, 86.57%)",45329622,3103.28,"(307830.64%, 312825.51%)",14607,1.0,"(100.00%, 100.00%)"
255,0.5,c2,all,din,8933,0.61,"(60.49%, 61.82%)",10923,0.75,"(74.19%, 75.37%)",12114,0.83,"(82.42%, 83.45%)",191418189.0,13104.55,"(1078116.68%, 1542793.69%)",12085,0.83,"(82.22%, 83.25%)",191728037,13125.76,"(1302258.18%, 1322894.65%)",14607,1.0,"(100.00%, 100.00%)"
256,0.5,c3,all,dail,4720,0.45,"(44.52%, 46.13%)",6669,0.64,"(63.27%, 64.82%)",8008,0.77,"(76.22%, 77.59%)",152039657.0,14600.95,"(1263094.02%, 1657095.30%)",9034,0.87,"(86.21%, 87.31%)",43211702,4149.78,"(412124.38%, 417832.44%)",10413,1.0,"(100.00%, 100.00%)"
257,0.5,c3,all,din,3763,0.36,"(35.36%, 36.91%)",6569,0.63,"(62.30%, 63.86%)",7757,0.74,"(73.79%, 75.20%)",140950388.0,13536.0,"(1139466.70%, 1567733.68%)",7885,0.76,"(75.03%, 76.42%)",146927529,14110.01,"(1398511.99%, 1423489.91%)",10413,1.0,"(100.00%, 100.00%)"
258,0.5,c4,all,dail,8549,0.36,"(35.09%, 36.11%)",12660,0.53,"(52.19%, 53.26%)",15311,0.64,"(63.25%, 64.28%)",1589926329.0,66213.82,"(6290465.84%, 6952298.85%)",21034,0.88,"(87.25%, 87.95%)",146106551,6084.73,"(602603.72%, 614342.40%)",24012,1.0,"(100.00%, 100.00%)"
259,0.5,c4,all,din,6247,0.26,"(25.55%, 26.48%)",11665,0.49,"(48.05%, 49.11%)",14233,0.59,"(58.75%, 59.80%)",1765854335.0,73540.49,"(6768153.82%, 7939944.92%)",18771,0.78,"(77.73%, 78.61%)",519197349,21622.41,"(2152084.56%, 2172397.77%)",24012,1.0,"(100.00%, 100.00%)"
260,0.5,c5,all,dail,821,0.27,"(25.61%, 28.26%)",1623,0.53,"(51.76%, 54.74%)",1805,0.59,"(57.75%, 60.69%)",207921715.0,68215.79,"(5761276.88%, 7881880.27%)",2897,0.95,"(94.40%, 95.69%)",23680743,7769.27,"(737255.45%, 816599.08%)",3048,1.0,"(100.00%, 100.00%)"
261,0.5,c5,all,din,807,0.26,"(25.16%, 27.80%)",1523,0.5,"(48.47%, 51.46%)",1712,0.56,"(54.68%, 57.65%)",252941035.0,82985.9,"(6339080.27%, 10258100.51%)",2811,0.92,"(91.42%, 93.02%)",55953695,18357.51,"(1810287.80%, 1861214.49%)",3048,1.0,"(100.00%, 100.00%)"
262,0.5,c6,all,dail,20,0.01,"(0.82%, 1.77%)",603,0.39,"(36.98%, 41.08%)",666,0.43,"(41.03%, 45.19%)",97712681.0,63244.45,"(4936021.60%, 7712869.14%)",1469,0.95,"(94.17%, 95.99%)",21061866,13632.28,"(1280200.17%, 1446254.97%)",1545,1.0,"(100.00%, 100.00%)"
263,0.5,c6,all,din,15,0.01,"(0.56%, 1.38%)",567,0.37,"(34.68%, 38.72%)",653,0.42,"(40.19%, 44.34%)",82250553.0,53236.6,"(3798469.78%, 6848851.00%)",1419,0.92,"(90.70%, 92.99%)",39701586,25696.82,"(2525558.37%, 2613805.52%)",1545,1.0,"(100.00%, 100.00%)"
264,0.8,c1,all,dail,1259,0.82,"(80.68%, 83.90%)",1236,0.81,"(79.12%, 82.45%)",1353,0.88,"(87.08%, 89.78%)",9617689.0,6286.07,"(398778.17%, 858436.08%)",1313,0.86,"(84.34%, 87.29%)",4695261,3068.8,"(299704.52%, 314055.09%)",1530,1.0,"(100.00%, 100.00%)"
265,0.8,c1,all,din,1216,0.79,"(77.77%, 81.18%)",1222,0.8,"(78.18%, 81.56%)",1319,0.86,"(84.75%, 87.66%)",10068164.0,6580.5,"(341783.79%, 974316.08%)",1300,0.85,"(83.46%, 86.48%)",17568972,11482.99,"(1126606.13%, 1169991.52%)",1530,1.0,"(100.00%, 100.00%)"
266,0.8,c2,all,dail,10478,0.72,"(71.12%, 72.35%)",11217,0.77,"(76.22%, 77.37%)",12550,0.86,"(85.44%, 86.39%)",209127673.0,14316.95,"(1246045.31%, 1617344.48%)",12586,0.86,"(85.69%, 86.64%)",45649755,3125.2,"(310018.99%, 315020.44%)",14607,1.0,"(100.00%, 100.00%)"
267,0.8,c2,all,din,8855,0.61,"(59.95%, 61.29%)",10822,0.74,"(73.49%, 74.69%)",12020,0.82,"(81.77%, 82.81%)",220911779.0,15123.69,"(1222290.05%, 1802448.49%)",12113,0.83,"(82.41%, 83.44%)",191916315,13138.65,"(1303543.36%, 1324187.39%)",14607,1.0,"(100.00%, 100.00%)"
268,0.8,c3,all,dail,4702,0.45,"(44.35%, 45.96%)",6693,0.64,"(63.50%, 65.05%)",8035,0.77,"(76.48%, 77.84%)",158007334.0,15174.05,"(1315719.72%, 1719089.35%)",9008,0.87,"(85.95%, 87.06%)",43351139,4163.17,"(413465.93%, 419169.02%)",10413,1.0,"(100.00%, 100.00%)"
269,0.8,c3,all,din,3738,0.36,"(35.12%, 36.67%)",6444,0.62,"(61.10%, 62.67%)",7649,0.73,"(72.74%, 74.17%)",139991635.0,13443.93,"(1127610.54%, 1561175.30%)",7979,0.77,"(75.94%, 77.31%)",146925700,14109.83,"(1398476.05%, 1423490.73%)",10413,1.0,"(100.00%, 100.00%)"
270,0.8,c4,all,dail,8410,0.35,"(34.52%, 35.53%)",12759,0.53,"(52.60%, 53.67%)",15363,0.64,"(63.47%, 64.49%)",1575328238.0,65605.87,"(6230174.57%, 6891000.16%)",21108,0.88,"(87.56%, 88.25%)",146212285,6089.13,"(603042.05%, 614784.75%)",24012,1.0,"(100.00%, 100.00%)"
271,0.8,c4,all,din,6199,0.26,"(25.35%, 26.28%)",11530,0.48,"(47.49%, 48.55%)",14024,0.58,"(57.88%, 58.93%)",1861559966.0,77526.24,"(7132731.93%, 8372515.17%)",19068,0.79,"(78.98%, 79.84%)",517802566,21564.32,"(2146302.49%, 2166562.46%)",24012,1.0,"(100.00%, 100.00%)"
272,0.8,c5,all,dail,829,0.27,"(25.87%, 28.53%)",1630,0.53,"(51.99%, 54.97%)",1814,0.6,"(58.05%, 60.98%)",210380289.0,69022.4,"(5834112.09%, 7970368.81%)",2885,0.95,"(93.98%, 95.32%)",23809101,7811.38,"(741499.39%, 820777.58%)",3048,1.0,"(100.00%, 100.00%)"
273,0.8,c5,all,din,754,0.25,"(23.45%, 26.03%)",1512,0.5,"(48.11%, 51.10%)",1697,0.56,"(54.19%, 57.16%)",270016558.0,88588.11,"(6822250.23%, 10895371.69%)",2788,0.91,"(90.63%, 92.30%)",55910187,18343.24,"(1808901.44%, 1859746.00%)",3048,1.0,"(100.00%, 100.00%)"
274,0.8,c6,all,dail,19,0.01,"(0.77%, 1.69%)",609,0.39,"(37.37%, 41.47%)",677,0.44,"(41.74%, 45.90%)",102035599.0,66042.46,"(5166802.10%, 8041689.68%)",1467,0.95,"(94.03%, 95.87%)",21069915,13637.49,"(1280698.92%, 1446798.16%)",1545,1.0,"(100.00%, 100.00%)"
275,0.8,c6,all,din,18,0.01,"(0.71%, 1.62%)",580,0.38,"(35.51%, 39.57%)",661,0.43,"(40.71%, 44.86%)",104695428.0,67764.03,"(4569666.56%, 8983139.65%)",1437,0.93,"(91.94%, 94.08%)",39647390,25661.74,"(2522143.36%, 2610204.86%)",1545,1.0,"(100.00%, 100.00%)"
276,0.2,all,all,dail,25702,0.47,"(46.23%, 46.93%)",33594,0.61,"(60.54%, 61.22%)",39269,0.71,"(70.85%, 71.48%)",2416007880.0,43784.92,"(4196033.60%, 4560949.60%)",48281,0.87,"(87.27%, 87.73%)",284067408,5148.11,"(510386.87%, 519234.57%)",55179,1.0,"(100.00%, 100.00%)"
277,0.2,all,all,din,21066,0.38,"(37.84%, 38.52%)",32640,0.59,"(58.81%, 59.50%)",38103,0.69,"(68.73%, 69.38%)",2405211308.0,43589.25,"(4081409.44%, 4636440.85%)",43850,0.79,"(79.18%, 79.75%)",972920514,17632.08,"(1756480.38%, 1769935.51%)",55179,1.0,"(100.00%, 100.00%)"
278,0.5,all,all,dail,25838,0.47,"(46.48%, 47.18%)",33983,0.62,"(61.25%, 61.93%)",39667,0.72,"(71.57%, 72.20%)",2272318430.0,41180.86,"(3945167.71%, 4291003.40%)",48323,0.88,"(87.34%, 87.81%)",284156272,5149.72,"(510549.05%, 519394.49%)",55179,1.0,"(100.00%, 100.00%)"
279,0.5,all,all,din,21002,0.38,"(37.72%, 38.40%)",32497,0.59,"(58.55%, 59.24%)",37809,0.69,"(68.19%, 68.85%)",2446402401.0,44335.75,"(4142846.97%, 4724303.21%)",44277,0.8,"(79.96%, 80.52%)",971313206,17602.95,"(1753580.72%, 1767009.39%)",55179,1.0,"(100.00%, 100.00%)"
280,0.8,all,all,dail,25697,0.47,"(46.22%, 46.92%)",34144,0.62,"(61.54%, 62.22%)",39792,0.72,"(71.80%, 72.43%)",2264505644.0,41039.27,"(3930696.51%, 4277156.63%)",48367,0.88,"(87.42%, 87.89%)",284858003,5162.44,"(511821.27%, 520665.74%)",55179,1.0,"(100.00%, 100.00%)"
281,0.8,all,all,din,20780,0.38,"(37.32%, 38.00%)",32110,0.58,"(57.85%, 58.54%)",37370,0.68,"(67.40%, 68.05%)",2607251230.0,47250.79,"(4412999.61%, 5037157.99%)",44685,0.81,"(80.71%, 81.26%)",970022931,17579.57,"(1751258.63%, 1764654.78%)",55179,1.0,"(100.00%, 100.00%)"
